INSERT INTO Desenvolvedora (IdDesenvolvedora,Nome,Responsavel,Sobre,DataCriacao)
VALUES
  (1,'Et Risus Limited','Alvin Harris','erat vel pede blandit congue. In','2021-03-03 21:33:12'),
  (2,'Augue Id Ltd','Catherine Horne','mattis ornare, lectus ante','2018-08-01 13:46:10'),
  (3,'Tempor Bibendum Donec Corporation','Regan Michael','Nunc','2017-04-06 14:24:41'),
  (4,'Dui Fusce Aliquam PC','Ann Webb','tristique neque venenatis lacus. Etiam bibendum fermentum metus.','2016-11-06 11:13:57'),
  (5,'Commodo Corp.','Moses Daniel','sagittis. Nullam','2019-05-05 03:18:29'),
  (6,'Ut Institute','Carissa Frost','nec, eleifend non, dapibus rutrum, justo. Praesent','2016-01-12 04:47:21'),
  (7,'Integer Mollis Integer Associates','Phillip Giles','porttitor vulputate, posuere vulputate, lacus. Cras interdum. Nunc','2017-07-10 19:32:13'),
  (8,'Nisi LLC','Clare Marquez','magna. Lorem ipsum','2021-06-10 03:23:53'),
  (9,'Natoque Penatibus Et LLC','Howard Wagner','sit amet orci. Ut','2016-05-30 19:22:28'),
  (10,'Urna Corp.','Finn Workman','Vivamus nibh dolor, nonummy ac, feugiat non,','2017-05-29 19:00:43');
INSERT INTO Desenvolvedora (IdDesenvolvedora,Nome,Responsavel,Sobre,DataCriacao)
VALUES
  (11,'Posuere Enim Nisl Corporation','Phoebe Clayton','Vestibulum ut eros non enim commodo','2020-09-09 11:31:55'),
  (12,'Justo LLP','Elizabeth Curtis','arcu et pede. Nunc sed','2017-04-22 02:51:10'),
  (13,'Nibh Phasellus Nulla Institute','Bo Conrad','pede. Nunc sed','2016-04-05 18:14:13'),
  (14,'Dignissim Lacus Institute','Gannon Dunlap','risus. Donec','2016-08-20 14:17:53'),
  (15,'Nunc Ltd','Damon Bryan','dui, nec tempus mauris','2020-05-15 12:56:10'),
  (16,'Sed Limited','Ila Koch','et arcu','2016-02-09 21:07:27'),
  (17,'Nisi Company','Eleanor Porter','eu, ultrices sit','2018-09-18 15:34:54'),
  (18,'Amet Metus Ltd','Ginger Baird','at pede. Cras vulputate velit eu','2015-12-31 20:07:23'),
  (19,'In Molestie Limited','Aiko Cohen','amet ante. Vivamus non lorem vitae odio','2020-02-12 22:31:51'),
  (20,'Auctor LLC','Jenna Gray','orci lobortis','2021-03-17 15:34:28');
INSERT INTO Desenvolvedora (IdDesenvolvedora,Nome,Responsavel,Sobre,DataCriacao)
VALUES
  (21,'Sit Amet Incorporated','Craig Francis','mauris. Integer sem elit,','2017-02-09 00:34:18'),
  (22,'Habitant Morbi PC','Evelyn Underwood','Integer aliquam adipiscing lacus. Ut nec urna','2016-02-23 17:22:57'),
  (23,'Felis Eget Varius Institute','Yen Deleon','scelerisque sed, sapien. Nunc pulvinar arcu','2017-06-08 08:07:36'),
  (24,'Quis Institute','Timothy O''brien','eu odio tristique pharetra. Quisque ac','2016-08-23 07:01:27'),
  (25,'Et Magna Inc.','Candice Ayers','Sed eget lacus.','2017-06-27 01:17:42'),
  (26,'Ante LLP','Tarik Cohen','at pede. Cras vulputate','2017-05-17 11:20:24'),
  (27,'Scelerisque Scelerisque PC','Iliana Delgado','interdum feugiat. Sed nec metus facilisis lorem','2020-01-02 06:28:56'),
  (28,'Aliquet Odio Etiam LLC','Nayda Cortez','eu erat','2020-05-10 21:54:34'),
  (29,'Pellentesque Tincidunt Limited','Jenna Baird','adipiscing non, luctus sit amet,','2021-04-14 13:05:19'),
  (30,'Conubia Limited','Holmes Hicks','sociosqu ad litora torquent per conubia nostra,','2020-04-14 02:32:51');
INSERT INTO Desenvolvedora (IdDesenvolvedora,Nome,Responsavel,Sobre,DataCriacao)
VALUES
  (31,'Quis Company','Rinah Chan','lorem, sit amet ultricies','2017-03-28 18:54:18'),
  (32,'Mollis Inc.','Dennis Tucker','neque sed sem egestas blandit. Nam nulla','2018-08-28 18:05:48'),
  (33,'Lectus Ltd','Ryder Christensen','nibh enim, gravida sit','2017-01-04 03:58:51'),
  (34,'In Consequat Enim LLP','Malik Downs','Phasellus libero mauris, aliquam','2018-09-22 12:55:04'),
  (35,'Nunc Company','Imogene Sandoval','rutrum urna, nec luctus felis purus','2018-02-26 04:04:06'),
  (36,'Adipiscing Ligula Industries','TaShya Lowe','non, egestas a, dui. Cras pellentesque.','2020-04-15 22:31:47'),
  (37,'Erat Nonummy Ultricies PC','Josephine Colon','odio sagittis semper. Nam tempor diam dictum','2016-02-21 10:02:40'),
  (38,'Velit Quisque Industries','Carter Pena','tempus','2016-03-01 07:31:19'),
  (39,'Nisi Foundation','Rinah Matthews','gravida nunc sed pede.','2020-07-23 13:03:50'),
  (40,'Nec Tempus Mauris Consulting','Rebekah Jefferson','In at pede. Cras','2018-07-16 15:15:03');
INSERT INTO Desenvolvedora (IdDesenvolvedora,Nome,Responsavel,Sobre,DataCriacao)
VALUES
  (41,'Sed Libero PC','Breanna Bentley','pede. Cras vulputate velit','2020-08-19 22:55:16'),
  (42,'Mi Lacinia PC','Vivian Dyer','molestie arcu. Sed eu nibh vulputate','2019-07-12 04:39:15'),
  (43,'Montes Nascetur Ridiculus LLP','Shelley Dean','eu augue porttitor','2020-11-05 12:13:51'),
  (44,'Odio Limited','Tad Foster','vulputate, risus a','2019-06-29 02:40:16'),
  (45,'At LLC','Dylan Weaver','diam lorem, auctor quis, tristique ac, eleifend vitae,','2021-03-19 03:50:21'),
  (46,'Elit Industries','Ross Sweeney','lectus rutrum urna, nec luctus felis purus ac','2015-10-30 19:41:21'),
  (47,'Pharetra Felis Eget LLP','Dennis Hensley','neque.','2021-01-15 06:20:14'),
  (48,'Libero Morbi Accumsan Corp.','Walker Hayden','metus urna','2017-12-05 03:19:53'),
  (49,'Magna Nam Ligula Associates','Yetta Berry','semper auctor. Mauris vel turpis. Aliquam','2017-03-25 20:38:56'),
  (50,'Sollicitudin Inc.','Kai Barker','eget nisi dictum','2018-05-18 08:27:08');
INSERT INTO Desenvolvedora (IdDesenvolvedora,Nome,Responsavel,Sobre,DataCriacao)
VALUES
  (51,'Sodales Foundation','Arsenio Bishop','Nunc mauris. Morbi non sapien molestie','2019-06-22 00:45:10'),
  (52,'Pretium Aliquet Metus Inc.','Norman Ramirez','ut odio vel est tempor','2020-12-03 08:24:17'),
  (53,'Malesuada Fames PC','Cyrus Mcclain','fringilla. Donec feugiat metus sit amet ante. Vivamus','2016-08-14 08:36:23'),
  (54,'Etiam Ligula Institute','Charde Valdez','lorem ut aliquam iaculis, lacus pede','2015-12-27 20:57:48'),
  (55,'Cursus Et Inc.','Wing Delgado','metus eu erat semper','2020-09-02 17:25:29'),
  (56,'Nisl Nulla Eu Limited','Guinevere Conrad','velit. Pellentesque','2020-08-13 21:49:51'),
  (57,'Risus A PC','Rama Rutledge','enim. Nunc ut erat. Sed nunc est,','2018-08-13 21:22:42'),
  (58,'Ligula Corporation','Halee Irwin','fringilla. Donec feugiat metus sit amet ante. Vivamus','2018-01-03 06:24:38'),
  (59,'Aliquet Diam Associates','Tashya Sparks','aliquet. Phasellus fermentum convallis ligula. Donec','2018-03-27 23:21:35'),
  (60,'Gravida Mauris LLC','Iola Tillman','vitae velit egestas','2018-03-16 11:20:58');
INSERT INTO Desenvolvedora (IdDesenvolvedora,Nome,Responsavel,Sobre,DataCriacao)
VALUES
  (61,'Metus Facilisis Ltd','Jamalia Klein','lorem,','2019-07-11 06:51:31'),
  (62,'Massa Integer Corp.','Devin Merritt','cursus in, hendrerit consectetuer, cursus et, magna.','2016-11-30 08:09:08'),
  (63,'Aliquam Incorporated','Katell Pacheco','sem. Pellentesque ut','2015-10-18 11:07:28'),
  (64,'Est Corp.','Jelani Campbell','ultrices posuere cubilia Curae Donec tincidunt. Donec','2017-02-28 02:53:11'),
  (65,'Nonummy Institute','Ezra English','ut, pellentesque eget,','2021-01-25 09:57:42'),
  (66,'Sociis Natoque Inc.','Lana Cleveland','metus.','2019-04-23 21:08:33'),
  (67,'Gravida Corporation','Christian Francis','ipsum.','2017-09-21 16:33:53'),
  (68,'Sed Orci Institute','Alfonso Chen','risus. Nunc ac sem ut dolor dapibus','2018-12-10 01:19:19'),
  (69,'Egestas Urna Institute','Abbot Knowles','Aenean massa. Integer vitae nibh. Donec est mauris,','2018-07-23 10:34:47'),
  (70,'Libero Morbi Institute','Remedios Stephens','ornare, lectus ante dictum mi, ac mattis velit','2021-01-01 07:37:16');
INSERT INTO Desenvolvedora (IdDesenvolvedora,Nome,Responsavel,Sobre,DataCriacao)
VALUES
  (71,'Ac Limited','Keelie Foster','Mauris non','2015-09-10 01:11:11'),
  (72,'Ac Feugiat Industries','Cruz Robertson','libero mauris, aliquam eu, accumsan sed, facilisis','2017-06-02 20:33:06'),
  (73,'Sapien Cras LLP','Daryl Alston','egestas lacinia. Sed congue, elit sed','2019-06-27 06:47:27'),
  (74,'Augue Inc.','Melodie Carrillo','vestibulum nec, euismod in, dolor. Fusce','2019-03-17 22:38:02'),
  (75,'Et Ipsum Cursus Institute','Lydia Lancaster','mauris ut mi. Duis risus odio,','2017-11-30 15:12:43'),
  (76,'Eu Arcu Morbi Institute','Emmanuel Rodgers','iaculis odio. Nam interdum','2017-01-27 18:21:54'),
  (77,'Nunc Quis LLC','Christen Lester','rutrum. Fusce dolor quam, elementum','2018-06-10 22:37:51'),
  (78,'Integer Inc.','Galvin Vasquez','malesuada fringilla est. Mauris eu turpis. Nulla aliquet.','2018-12-23 20:24:26'),
  (79,'Mauris Industries','Guinevere Cain','tincidunt adipiscing. Mauris molestie pharetra','2019-09-24 20:14:46'),
  (80,'Ipsum Phasellus Incorporated','Colby Hunt','pellentesque a, facilisis non, bibendum sed, est.','2017-06-24 14:55:00');
INSERT INTO Desenvolvedora (IdDesenvolvedora,Nome,Responsavel,Sobre,DataCriacao)
VALUES
  (81,'Ac Ltd','Shoshana Graves','id, mollis nec, cursus a,','2017-05-10 19:13:22'),
  (82,'Orci Sem LLC','Gloria Blankenship','Nam interdum','2021-03-03 05:52:59'),
  (83,'Vestibulum Limited','Mira Henry','dolor egestas rhoncus. Proin','2020-01-06 03:36:54'),
  (84,'Eu Ligula Aenean Industries','Paul Hahn','eu, accumsan sed, facilisis vitae, orci.','2018-08-14 13:02:01'),
  (85,'Lacus Pede Corp.','Sade Fletcher','est ac','2019-09-15 21:11:46'),
  (86,'Gravida Sit Amet Industries','Shelby Strong','euismod et, commodo at, libero. Morbi accumsan','2019-01-01 09:13:25'),
  (87,'Nostra Inc.','Stewart Herring','adipiscing non, luctus sit','2017-04-16 20:56:01'),
  (88,'Ac Fermentum Industries','Paloma Velasquez','auctor, nunc nulla vulputate dui,','2019-12-27 11:39:51'),
  (89,'Nunc Ut Erat LLC','Cally Mcconnell','Aliquam erat volutpat. Nulla dignissim.','2015-09-05 02:56:12'),
  (90,'Ligula Consectetuer Ltd','Rhoda Maddox','Duis gravida. Praesent eu nulla at','2016-01-10 05:34:00');
INSERT INTO Desenvolvedora (IdDesenvolvedora,Nome,Responsavel,Sobre,DataCriacao)
VALUES
  (91,'Mattis Velit Industries','Hilary Boyd','nibh. Quisque','2017-01-02 08:50:08'),
  (92,'Aliquam Ultrices Iaculis Incorporated','Wang Stevens','ut quam vel sapien imperdiet ornare. In faucibus.','2016-11-18 05:39:50'),
  (93,'Et Libero Institute','Curran Davenport','quam, elementum at, egestas a, scelerisque','2017-11-24 09:23:22'),
  (94,'Eleifend Vitae Limited','Gretchen Mcknight','ante. Maecenas mi felis, adipiscing fringilla,','2016-08-27 16:23:45'),
  (95,'Diam Pellentesque Consulting','Burke Burnett','vel pede blandit congue. In scelerisque','2018-07-21 13:41:32'),
  (96,'Curae Donec Industries','Chanda Vargas','parturient montes, nascetur ridiculus mus. Donec dignissim magna','2020-04-15 00:04:48'),
  (97,'Magna Et Incorporated','Colt Olsen','Ut sagittis lobortis mauris. Suspendisse','2018-04-29 02:43:21'),
  (98,'Consequat Purus LLP','Shana Velazquez','sem. Nulla interdum. Curabitur dictum. Phasellus in','2020-07-03 07:42:52'),
  (99,'Convallis Ante Corporation','Gregory English','vehicula risus. Nulla eget','2018-06-25 17:59:39'),
  (100,'Mauris Nulla Integer Foundation','Ishmael Bush','Fusce aliquet magna a neque. Nullam ut','2020-06-09 10:56:20');

INSERT INTO Regiao (IdRegiao,Nome)
VALUES
  (1,'America'),
  (2,'Europa'),
  (3,'Oceania'),
  (4,'Africa'),
  (5,'Asia'),
  (6,'Antartica');

INSERT INTO Pais (IdPais,Nome,IdRegiao)
VALUES
  (1,'Chile',1),
  (2,'Austria',2),
  (3,'Australia',3),
  (4,'Brazil',1),
  (5,'Singapore',5),
  (6,'Ireland',2),
  (7,'Indonesia',5),
  (8,'Mexico',1),
  (9,'South Africa',4),
  (10,'Colombia',1);
INSERT INTO Pais (IdPais,Nome,IdRegiao)
VALUES
  (11,'Canada',1),
  (12,'India',5),
  (13,'Philippines',5),
  (14,'Peru',1),
  (15,'Russian Federation',5),
  (16,'Costa Rica',1),
  (17,'United States',1),
  (18,'Spain',2),
  (19,'France',2),
  (20,'Germany',2);

INSERT INTO Distribuidora (IdDistribuidora,Nome,Sobre,Responsavel,DataCriacao,IdRegiao)
VALUES
  (1,'Vitae Orci Ltd','quis diam. Pellentesque habitant morbi tristique senectus et','Ivy O''Neill','2017-01-11 15:28:39',2),
  (2,'Odio Auctor Corp.','hendrerit a, arcu.','Dara Griffin','2019-01-16 07:26:47',4),
  (3,'Justo Nec Ante Associates','luctus sit amet, faucibus ut,','Ivy Kelley','2018-10-05 13:04:53',2),
  (4,'Nulla Integer Urna LLC','in faucibus','Benedict Dudley','2022-06-28 23:32:57',1),
  (5,'Sem Corp.','Sed nulla ante, iaculis nec, eleifend non, dapibus rutrum, justo.','Rose Chase','2021-05-05 13:57:16',2),
  (6,'Eu Euismod Ltd','tellus, imperdiet non, vestibulum','Audra Rodriguez','2020-11-12 21:25:17',2),
  (7,'In Faucibus LLP','convallis in, cursus et, eros. Proin','Benjamin Mathews','2015-11-25 19:30:18',2),
  (8,'Morbi Metus Industries','sed, sapien. Nunc pulvinar arcu et pede. Nunc','Emerald Cook','2018-12-22 00:32:03',5),
  (9,'Et Nunc Limited','Proin eget','Minerva Bean','2020-08-30 16:26:11',3),
  (10,'Quis Associates','libero at auctor ullamcorper, nisl arcu iaculis','Harding Noble','2017-06-30 05:03:23',4);
INSERT INTO Distribuidora (IdDistribuidora,Nome,Sobre,Responsavel,DataCriacao,IdRegiao)
VALUES
  (11,'Non Massa Institute','Cum sociis natoque','Bert Foley','2016-01-31 09:25:17',3),
  (12,'Nonummy Ac Industries','dis parturient montes, nascetur ridiculus mus. Donec dignissim','Kieran Herrera','2018-03-05 20:10:10',5),
  (13,'Bibendum Foundation','ullamcorper, nisl arcu iaculis enim,','September Kim','2021-12-18 06:22:04',1),
  (14,'Tincidunt Nunc Consulting','eu elit. Nulla facilisi. Sed neque. Sed eget','Nigel Beard','2020-11-16 20:37:21',3),
  (15,'Mauris Foundation','in, cursus et, eros. Proin ultrices. Duis volutpat','Kessie Santos','2016-06-09 21:03:02',4),
  (16,'Et Limited','felis. Nulla tempor augue ac ipsum. Phasellus vitae mauris sit','Melissa Justice','2018-01-30 12:08:16',3),
  (17,'Mauris Ipsum Industries','augue, eu tempor erat neque non quam. Pellentesque habitant morbi','Raphael Hammond','2019-07-03 11:17:21',4),
  (18,'Blandit At Limited','at, egestas a, scelerisque sed,','Addison O''connor','2018-04-18 13:58:52',5),
  (19,'Morbi Quis Urna Limited','nunc, ullamcorper eu, euismod ac, fermentum vel, mauris. Integer','Dominique Lane','2016-01-16 18:04:50',5),
  (20,'Ut Aliquam Corporation','Suspendisse tristique neque venenatis lacus. Etiam bibendum fermentum','Kitra Bauer','2015-12-07 10:20:09',4);
INSERT INTO Distribuidora (IdDistribuidora,Nome,Sobre,Responsavel,DataCriacao,IdRegiao)
VALUES
  (21,'Dictum Phasellus In LLC','felis ullamcorper viverra. Maecenas iaculis aliquet diam. Sed diam','Garrett Marks','2021-07-27 17:50:18',5),
  (22,'Ipsum Institute','at pretium','Claudia Mercer','2017-02-28 11:24:23',4),
  (23,'Imperdiet Erat LLP','magna. Phasellus dolor elit, pellentesque a,','Candace Klein','2015-08-27 01:53:23',2),
  (24,'Tellus Nunc Lectus Incorporated','in molestie tortor nibh sit','Mari Sosa','2018-09-02 13:04:09',2),
  (25,'Sed Dictum Inc.','ligula. Nullam feugiat placerat velit. Quisque','Tanek Beard','2019-12-08 12:24:32',2),
  (26,'Aliquam Corp.','elementum, dui quis accumsan convallis, ante','Deirdre Mcleod','2017-02-08 17:52:14',2),
  (27,'Nunc Corporation','metus. In lorem. Donec elementum, lorem ut aliquam','Phelan Cain','2021-06-01 09:46:26',2),
  (28,'Vestibulum Massa Rutrum LLP','neque et nunc. Quisque ornare tortor at risus. Nunc','Hadassah Bryan','2018-12-08 03:00:48',2),
  (29,'Enim Sit PC','Nunc pulvinar arcu et pede. Nunc sed orci lobortis augue','Noble Mcmillan','2021-08-16 12:42:31',5),
  (30,'Nunc Sit Corp.','at auctor','Ignatius Dunlap','2017-08-12 10:18:51',2);
INSERT INTO Distribuidora (IdDistribuidora,Nome,Sobre,Responsavel,DataCriacao,IdRegiao)
VALUES
  (31,'Ligula Nullam Ltd','eget','Ronan Freeman','2022-05-10 19:30:41',1),
  (32,'Egestas Duis Inc.','mauris erat eget','Ulysses Velasquez','2019-08-18 16:34:05',2),
  (33,'Mauris A Industries','turpis egestas. Fusce aliquet','Brody Caldwell','2018-04-26 10:04:34',1),
  (34,'Dui Cras Pellentesque Inc.','Etiam bibendum fermentum metus. Aenean sed pede nec ante blandit','Shay Fox','2020-05-29 15:04:43',2),
  (35,'Fringilla Purus Industries','Phasellus dolor elit, pellentesque a, facilisis non, bibendum','Kameko Mayo','2015-12-20 21:25:35',4),
  (36,'Quam Vel PC','et magnis dis parturient montes, nascetur ridiculus mus.','Patricia Price','2015-12-11 14:23:10',4),
  (37,'Augue Porttitor Associates','magna nec quam. Curabitur vel lectus.','Kermit William','2017-05-17 02:31:33',4),
  (38,'Donec Est Ltd','ante. Vivamus non lorem','Eugenia King','2019-10-02 13:05:27',3),
  (39,'Mattis Velit LLC','mauris. Integer sem elit, pharetra ut, pharetra','Kuame Pierce','2016-10-12 19:58:40',1),
  (40,'Aliquam LLP','ullamcorper. Duis cursus, diam at pretium aliquet, metus urna','Maya Garza','2021-12-11 11:23:18',1);
INSERT INTO Distribuidora (IdDistribuidora,Nome,Sobre,Responsavel,DataCriacao,IdRegiao)
VALUES
  (41,'Cras Eu Tellus Ltd','Class aptent','Roth Weiss','2020-07-12 10:14:30',4),
  (42,'Nulla Semper Tellus LLC','montes, nascetur ridiculus mus. Proin vel arcu eu odio','Galena Riddle','2021-11-11 08:53:29',1),
  (43,'Ornare In Associates','id, mollis nec, cursus a, enim. Suspendisse','Lawrence Faulkner','2015-09-24 16:33:11',5),
  (44,'Mollis Duis LLP','dis parturient montes, nascetur ridiculus mus. Donec dignissim magna','Leo Berry','2021-12-11 11:07:48',4),
  (45,'Risus Donec Nibh Incorporated','Nulla facilisis. Suspendisse commodo tincidunt','Mannix Castillo','2021-06-09 11:37:49',5),
  (46,'Arcu Industries','ornare, libero at','Portia Coleman','2015-07-22 06:39:22',3),
  (47,'Elit Fermentum PC','elit, a feugiat tellus','Chase Hanson','2021-07-16 09:32:43',2),
  (48,'Lorem Ut Inc.','Sed eu eros. Nam consequat dolor vitae','Zoe Barlow','2022-04-09 06:13:01',2),
  (49,'Natoque Penatibus Et LLP','nonummy ipsum non arcu. Vivamus sit amet risus. Donec egestas.','Colton Ashley','2018-08-15 00:00:04',2),
  (50,'Convallis Foundation','vulputate mauris sagittis placerat. Cras dictum','Tasha Jones','2015-10-24 23:01:01',5);

INSERT INTO Idioma (IdIdioma,Nome)
VALUES

  (1,'Inglês'),
  (2,'Chinês'),
  (3,'Espanhol'),
  (4,'Português'),
  (5,'Russo'),
  (6,'Francês');

INSERT INTO Plataforma (IdPlataforma,Nome)
VALUES

  (1,'Janelas'),
  (2,'Andoid'),
  (3,'Ninten DT'),
  (4,'Game Girl'),
  (5,'Pinguim');

INSERT INTO Jogo (IdJogo,Nome,Genero,DataLancamento,Classificacao,Preco,IdDesenvolvedora,IdDistribuidora)
VALUES
  (1,'Bleed Blood','Ação','2019-01-06 02:48:51','10','11.98',15,35),
  (2,'Arya Aspect','Esportes','2019-01-07 14:18:22','8','6.36',60,34),
  (3,'Performance Trink','Furtivo','2019-10-16 18:11:33','10','11.10',58,43),
  (4,'Berserk Beryllium','Shooter','2015-11-01 19:01:16','16','9.43',44,14),
  (5,'Virtual Games','Rítmico','2016-05-16 02:41:20','L','12.10',56,18),
  (6,'Arsenic Alien','Plataforma','2020-08-29 23:11:04','16','10.12',84,20),
  (7,'Blackjack Blade','Plataforma','2017-02-04 14:42:59','10','11.83',69,33),
  (8,'Axe Axe-man 1','Luta','2016-06-21 08:03:16','10','13.02',39,48),
  (9,'Axe Axe-man 2','Sobrevivência','2021-02-26 04:31:38','12','10.48',2,45),
  (10,'Bitten Black','MMORPG','2021-08-16 18:02:19','16','8.34',14,5);
INSERT INTO Jogo (IdJogo,Nome,Genero,DataLancamento,Classificacao,Preco,IdDesenvolvedora,IdDistribuidora)
VALUES
  (11,'Albatross Amaretto','Simulação','2018-02-27 04:36:51','L','7.07',74,20),
  (12,'Officer Unique','Rítmico','2016-05-14 20:14:12','10','13.23',13,26),
  (13,'Username Ultimate','Plataforma','2021-05-16 22:22:14','L','11.97',62,13),
  (14,'Games Strong','Plataforma','2021-02-09 11:23:18','18','11.25',90,41),
  (15,'Alien Abyss','Luta','2016-10-03 21:51:19','L','10.94',100,11),
  (16,'Billy the','MMORPG','2022-04-25 13:47:03','L','11.26',36,36),
  (17,'Cool Virtual','Plataforma','2019-02-27 12:15:04','16','14.90',30,32),
  (18,'Agrippa Albatross','Sobrevivência','2020-06-24 22:04:10','18','9.22',78,10),
  (19,'Operating Officer','Sobrevivência','2018-03-29 13:23:59','16','9.83',70,38),
  (20,'Blaze Bleed','Furtivo','2021-08-15 03:30:41','14','6.45',62,26);
INSERT INTO Jogo (IdJogo,Nome,Genero,DataLancamento,Classificacao,Preco,IdDesenvolvedora,IdDistribuidora)
VALUES
  (21,'Starr Bellona','Ação','2018-03-05 11:21:08','18','7.87',63,27),
  (22,'Username Onscreen','Aventura','2018-08-09 17:11:17','10','10.76',14,46),
  (23,'Cat Black','Estratégia','2017-02-21 07:26:48','L','9.14',2,50),
  (24,'Strong Position','Aventura','2021-11-11 10:06:14','18','11.17',84,11),
  (25,'Benelli Beretta','Estratégia','2018-04-03 10:40:12','8','8.26',83,40),
  (26,'Ballistic Balrog 2','Plataforma','2016-12-06 18:50:48','8','11.58',58,48),
  (27,'Baccarat Ballistic','MMORPG','2021-02-28 03:17:09','16','10.52',35,44),
  (28,'Babylon','Ação','2017-03-09 16:27:49','12','12.61',38,47),
  (29,'Beguile Behemoth','RPGSandbox','2019-09-07 10:56:50','18','9.11',90,47),
  (30,'Bane Banshee','Rítmico','2020-02-29 09:50:20','8','10.11',62,50);
INSERT INTO Jogo (IdJogo,Nome,Genero,DataLancamento,Classificacao,Preco,IdDesenvolvedora,IdDistribuidora)
VALUES
  (31,'Barbarian Baroness','Esportes','2018-11-22 14:44:22','16','8.33',54,2),
  (32,'Trunk Artemis','Ação','2017-04-14 12:01:50','18','16.65',37,43),
  (33,'Starr Bel','Plataforma','2016-01-01 09:10:16','8','10.76',88,41),
  (34,'Automatic Avenger','Sobrevivência','2019-03-12 09:42:45','12','6.31',26,9),
  (35,'Given Moment','Sobrevivência','2016-02-27 20:05:29','16','10.13',33,46),
  (36,'Aspect Aspis','Luta','2016-05-01 23:38:12','L','11.23',18,36),
  (37,'Arsenic','Plataforma','2022-04-18 13:54:35','14','7.95',68,33),
  (38,'Baal Babylon','RPGSandbox','2021-06-29 11:29:26','12','5.35',34,23),
  (39,'Baal Baby','Estratégia','2016-12-15 13:30:46','16','10.35',95,15),
  (40,'Baccarat','RPGSandbox','2019-09-19 23:45:11','14','8.59',63,49);
INSERT INTO Jogo (IdJogo,Nome,Genero,DataLancamento,Classificacao,Preco,IdDesenvolvedora,IdDistribuidora)
VALUES
  (41,'Ballistic Balrog','Shooter','2018-03-02 00:06:27','18','8.23',16,34),
  (42,'Unique Identity','Aventura','2020-06-06 19:53:15','18','6.70',55,4),
  (43,'Beryllium Big','Aventura','2021-01-30 10:04:37','16','10.10',3,26),
  (44,'Team Arsenic','Simulação','2016-02-05 16:07:45','14','10.04',49,34),
  (45,'Bookie Boomslang','MMORPG','2022-01-24 14:46:05','12','9.17',3,5),
  (46,'Amaretto Amazon','Luta','2017-06-19 07:42:01','10','9.82',11,22),
  (47,'Basilisk Bat','Plataforma','2020-01-04 04:24:06','L','8.81',40,40),
  (48,'Bender Benelli','Sobrevivência','2019-11-22 08:13:52','12','10.40',29,24),
  (49,'Artemis Arya','MMORPG','2022-06-01 06:02:13','14','11.12',55,33),
  (50,'Prompts Flagship','Aventura','2019-04-29 11:44:24','12','6.47',16,32);

INSERT INTO IdiomaJogo (IdIdioma,IdJogo)
VALUES
  (3,34),
  (2,10),
  (3,41),
  (4,15),
  (5,8),
  (3,5),
  (6,6),
  (2,5),
  (4,12),
  (5,44);
INSERT INTO IdiomaJogo (IdIdioma,IdJogo)
VALUES
  (5,27),
  (2,26),
  (1,14),
  (3,23),
  (2,17),
  (5,44),
  (2,19),
  (5,19),
  (6,29),
  (5,18);
INSERT INTO IdiomaJogo (IdIdioma,IdJogo)
VALUES
  (4,17),
  (3,37),
  (2,13),
  (4,14),
  (4,32),
  (5,36),
  (6,35),
  (2,29),
  (3,12),
  (2,4);
INSERT INTO IdiomaJogo (IdIdioma,IdJogo)
VALUES
  (3,42),
  (4,40),
  (3,25),
  (4,38),
  (4,39),
  (1,43),
  (2,45),
  (4,3),
  (1,8),
  (4,47);
INSERT INTO IdiomaJogo (IdIdioma,IdJogo)
VALUES
  (4,2),
  (3,6),
  (2,42),
  (3,4),
  (5,8),
  (4,14),
  (4,31),
  (2,13),
  (5,35),
  (3,3);
INSERT INTO IdiomaJogo (IdIdioma,IdJogo)
VALUES
  (5,14),
  (5,30),
  (1,2),
  (4,49),
  (2,44),
  (2,45),
  (6,11),
  (5,34),
  (6,21),
  (4,39);
INSERT INTO IdiomaJogo (IdIdioma,IdJogo)
VALUES
  (6,26),
  (3,36),
  (5,40),
  (2,44),
  (4,41),
  (2,24),
  (2,7),
  (5,47),
  (5,12),
  (4,28);
INSERT INTO IdiomaJogo (IdIdioma,IdJogo)
VALUES
  (1,40),
  (4,47),
  (3,20),
  (1,25),
  (5,42),
  (3,29),
  (2,46),
  (4,6),
  (6,39),
  (2,28);
INSERT INTO IdiomaJogo (IdIdioma,IdJogo)
VALUES
  (5,36),
  (2,28),
  (1,33),
  (4,18),
  (4,4),
  (2,34),
  (3,17),
  (1,34),
  (5,48),
  (5,47);
INSERT INTO IdiomaJogo (IdIdioma,IdJogo)
VALUES
  (2,31),
  (2,9),
  (1,49),
  (1,15),
  (5,11),
  (5,26),
  (4,13),
  (6,41),
  (5,45),
  (3,49);

INSERT INTO Usuario (IdUsuario,Nome,Username,Saldo,Senha,Telefone,Email,IdPais)
VALUES
  (1,'Barrett Holland','Cunningham',2,'PDN54XYL6GD','55(80)14088622','aliquam@protonmail.couk',6),
  (2,'Edan Johns','Haynes',100,'OKT72ELJ3FY','55(47)86141842','purus.mauris.a@yahoo.com',16),
  (3,'Cynthia Flowers','Hardy',61,'AOE10UEV2JA','55(96)81152790','elit.sed@google.ca',8),
  (4,'Summer Mcdowell','Lester',63,'QQE42FSI8MU','55(32)82505647','proin.eget@protonmail.org',4),
  (5,'Riley Lawrence','Stout',22,'NOE89QVT8NC','55(58)15326216','nunc.laoreet@hotmail.org',20),
  (6,'Lee Dunn','Odom',75,'USF45RRX5FF','55(42)75216657','diam.duis@hotmail.ca',9),
  (7,'Mufutau Cohen','Pugh',49,'NRS18XNB2SE','55(78)04981254','cursus.vestibulum@aol.org',11),
  (8,'Alexis Pacheco','Pate',65,'RKM93KFS7IJ','55(25)87762914','neque@outlook.couk',17),
  (9,'Ella Justice','Shields',50,'LEV47GTR6QO','55(30)77525424','adipiscing.enim@icloud.org',10),
  (10,'Haviva Bird','Williams',60,'PFV25OQW5SV','55(42)60111332','aliquet@protonmail.org',6);
INSERT INTO Usuario (IdUsuario,Nome,Username,Saldo,Senha,Telefone,Email,IdPais)
VALUES
  (11,'Molly Hoffman','Perez',45,'FQT72AFL9GF','55(18)67668797','donec@yahoo.com',19),
  (12,'Justina Hodges','Garner',40,'ZJK38TIC7GP','55(14)25061315','quisque@icloud.net',4),
  (13,'Audra Jarvis','Cardenas',0,'JUR63DFC8ZP','55(83)32675080','quis.pede@outlook.org',5),
  (14,'Yolanda Marquez','Howard',33,'SQI42WLR3KN','55(37)81623271','luctus.felis.purus@outlook.org',9),
  (15,'Jelani Mcdowell','Kelley',30,'RVR52BNC1EX','55(49)48570716','cras@outlook.couk',5),
  (16,'Ralph Forbes','Oneil',1,'NGC41YNY3ST','55(63)42736948','euismod@protonmail.ca',6),
  (17,'Ursa Rush','Mccullough',26,'VGP16RVK5JE','55(65)61502654','sem.eget@aol.org',10),
  (18,'Amber Ratliff','Sherman',14,'AOM28PKZ8JG','55(72)78272167','imperdiet.erat@yahoo.couk',8),
  (19,'Steel Oneil','Saunders',46,'BXP41FNH6DZ','55(15)96535023','sed.dolor@google.couk',10),
  (20,'Vaughan York','Howell',50,'NWQ52JBH4XI','55(13)68236720','molestie@protonmail.ca',6);
INSERT INTO Usuario (IdUsuario,Nome,Username,Saldo,Senha,Telefone,Email,IdPais)
VALUES
  (21,'Sean Fitzpatrick','Rocha',26,'YYO04TSD3CI','55(77)41645211','nulla@outlook.com',10),
  (22,'Erich Sullivan','Gonzalez',4,'ELT84JFL5QK','55(06)10411788','molestie.orci@google.net',11),
  (23,'Denise Macdonald','Keith',94,'KWG35BKG3EQ','55(74)24413036','molestie.tortor@protonmail.com',17),
  (24,'Jorden Reese','Waters',99,'LCK76WMH4KH','55(71)28744255','molestie.dapibus.ligula@protonmail.edu',2),
  (25,'Rachel Crawford','Duncan',20,'BCC14JUX5VI','55(24)54732937','fames.ac@protonmail.ca',10),
  (26,'Conan Moon','Guerra',49,'KPI33YEE5KT','55(31)88745110','urna.et@aol.edu',20),
  (27,'Lionel Lang','Fox',52,'QFB62VKZ3NL','55(13)78604321','orci.consectetuer.euismod@aol.edu',20),
  (28,'Marvin Fitzgerald','Fulton',13,'MJE30XSM2OO','55(07)75428646','eleifend.nunc@hotmail.com',1),
  (29,'Slade Garrison','Henry',21,'KPA76YAE1LQ','55(11)06676567','libero.donec@outlook.couk',1),
  (30,'Garth Terry','Montgomery',5,'XVW63OSR7EJ','55(15)54866470','consequat.auctor@icloud.edu',3);
INSERT INTO Usuario (IdUsuario,Nome,Username,Saldo,Senha,Telefone,Email,IdPais)
VALUES
  (31,'Amber Golden','Strong1',87,'LST64UBL3DC','55(53)82649142','a.tortor@yahoo.ca',6),
  (32,'Maxine Branch','Tate',71,'FLP66HDX4VS','55(47)84718187','amet.consectetuer@hotmail.couk',4),
  (33,'Barbara Davis','Short',19,'CLK38FMY3IB','55(94)43062477','purus.sapien@protonmail.couk',3),
  (34,'Sybil Cooley','Mckinney',96,'MDG36AMJ6PB','55(67)81828746','libero.et.tristique@aol.couk',16),
  (35,'Frances Dodson','Wooten',99,'LRH54OOM7NZ','55(75)43253271','ac@outlook.couk',5),
  (36,'Amity Henson','Boyle',72,'CPL23SJN5GV','55(14)47918774','nulla@google.ca',16),
  (37,'Kalia May','Walsh',60,'PSY78GIA2IV','55(42)48537112','arcu.vivamus@yahoo.net',6),
  (38,'Willa Mullins','Curtis',6,'QTR02GBW7MM','55(29)65372289','amet.consectetuer@hotmail.net',20),
  (39,'Justin Mathis','Huffman',44,'VKD31GDN8TA','55(43)27419321','et.nunc.quisque@google.couk',2),
  (40,'Marshall Stevenson','Strong',19,'UEB57SWM5DI','55(95)70536983','sociosqu.ad@aol.org',1);
INSERT INTO Usuario (IdUsuario,Nome,Username,Saldo,Senha,Telefone,Email,IdPais)
VALUES
  (41,'Lillith Mays','Best',89,'VEI13KXE2SX','55(98)99289285','luctus@icloud.com',11),
  (42,'Damian Mayo','Prince',50,'BCE81NAY8DT','55(16)92006974','dis@protonmail.couk',4),
  (43,'Xanthus Cote','Hubbard',36,'IRV15IJL2YE','55(10)37282845','venenatis.vel@hotmail.org',11),
  (44,'Vance Burks','Benton',24,'DFV74QSK7YN','55(89)63444237','risus.donec@protonmail.edu',18),
  (45,'Tasha Hyde','Nielsen',19,'UAX33ZZK1JA','55(33)77787261','semper.cursus.integer@google.org',4),
  (46,'Shafira Wolf','Gamble',19,'SWG14XMQ3JS','55(76)54761585','phasellus.at@google.edu',12),
  (47,'Mufutau Wong','Murphy',58,'XAP22BMI8LF','55(66)89056865','vel.sapien@google.edu',11),
  (48,'Cadman Gill','Edwards',59,'SYI00XBB3JP','55(85)17538732','molestie@google.org',3),
  (49,'Julie Carter','Mcfarland',42,'HZL90BFH4IO','55(61)24517182','dis.parturient@aol.org',13),
  (50,'Quintessa Munoz','Mathews',87,'FFT54ISQ7NM','55(52)27666271','volutpat.nulla.facilisis@protonmail.net',9);
INSERT INTO Usuario (IdUsuario,Nome,Username,Saldo,Senha,Telefone,Email,IdPais)
VALUES
  (51,'Hashim Serrano','Olson',78,'LKL10DLN6LI','55(27)25536860','a.tortor@yahoo.org',18),
  (52,'Joseph Shannon','Eaton',83,'HUN57OMI8VR','55(88)08847172','velit.eu.sem@hotmail.com',6),
  (53,'Alec Mcpherson','Townsend',39,'OHO21FVY3LT','55(93)87228667','semper.auctor@hotmail.net',13),
  (54,'Cassady Beard','Cochran5',31,'RSD33JPF7UK','55(23)58196779','metus.in@hotmail.org',14),
  (55,'Tobias Solis','Whitehead',52,'PYJ09QQN5EQ','55(75)55692547','felis.adipiscing@outlook.com',8),
  (56,'Justina Finley','Mcconnell',28,'ZCZ33ZRD7DU','55(82)13273670','est.tempor@aol.org',20),
  (57,'McKenzie Rocha','Becker',28,'TMD96WTG4NV','55(86)41698322','enim.consequat.purus@protonmail.couk',16),
  (58,'Eagan Guzman','Castro',99,'TIC02VCR8WV','55(78)37424735','aliquet.nec@yahoo.edu',9),
  (59,'Stacey Christensen','Merritt',80,'IPY87WJT4KS','55(88)51349199','non.sollicitudin@google.net',14),
  (60,'Lila Moore','Grimes',89,'NHW48QGF2NO','55(14)07941050','mauris@protonmail.ca',1);
INSERT INTO Usuario (IdUsuario,Nome,Username,Saldo,Senha,Telefone,Email,IdPais)
VALUES
  (61,'Pearl Phelps','Terry',88,'MBT16SZF6PQ','55(81)21482777','lacus@outlook.couk',1),
  (62,'Dennis Mccullough','Daugherty',21,'LJG57SOP5OJ','55(62)89280323','elit@icloud.net',13),
  (63,'Gisela Gallegos','Hawkins',17,'IOB31GFK6WU','55(65)40208438','accumsan.neque.et@yahoo.net',3),
  (64,'Samson Talley','Macdonald',2,'SGM45XTL4XW','55(45)13772127','leo.in@outlook.couk',1),
  (65,'Elliott Russell','Thompson',27,'QPE44CEV1FJ','55(17)65115756','enim.commodo@outlook.edu',9),
  (66,'Ima Mcconnell','Stephens6786',22,'QHJ53GSY6MC','55(46)81791633','quisque.purus.sapien@protonmail.edu',2),
  (67,'Wylie Crosby','Ross',74,'OJK65PTJ4VI','55(11)68312230','sit.amet@yahoo.net',14),
  (68,'Zane Hansen','Vinson',34,'DGF66JRB6UD','55(61)82413302','porta.elit@aol.couk',13),
  (69,'Clarke Rojas','Wolfe',47,'CNI67GGU9CO','55(08)12448737','nam.tempor@yahoo.net',4),
  (70,'Brianna Flynn','Potts',7,'LOS77BXE3JA','55(11)65534807','vulputate@yahoo.ca',8);
INSERT INTO Usuario (IdUsuario,Nome,Username,Saldo,Senha,Telefone,Email,IdPais)
VALUES
  (71,'Armand Lancaster','Holder',0,'GPN28DBY1MF','55(80)13485436','a.auctor@outlook.couk',6),
  (72,'Sheila Nichols','Horn',39,'SOE65FNE7ZV','55(22)18147753','nec.mollis@yahoo.net',17),
  (73,'Nathaniel Garcia','Griffith55',48,'IZT17PCF6WV','55(53)07386622','ut.lacus.nulla@icloud.couk',7),
  (74,'Dexter Golden','Hendrix',15,'XWU13NDA4KT','55(49)23384888','lectus.nullam@icloud.com',5),
  (75,'Bradley Stuart','Roberson',3,'BAN63MWW9SC','55(76)54604644','arcu.vestibulum.ante@outlook.net',11),
  (76,'Angela Daniel','Hayes',86,'DMK95RFJ8TS','55(75)78617488','sed@aol.org',17),
  (77,'Shelly Carrillo','Barron',27,'DLA38EIQ5FD','55(25)36720143','fermentum.vel@protonmail.com',14),
  (78,'Carly Guzman','Sears',2,'CHZ27FMR2PT','55(51)17863305','non.vestibulum@icloud.net',10),
  (79,'Christian Carlson','Cochran',18,'DXE61IMN5IF','55(84)46753842','curabitur.dictum.phasellus@aol.couk',19),
  (80,'Candace Vazquez','Hickman',80,'XJS20KUT3FH','55(44)52715272','sodales@hotmail.ca',10);
INSERT INTO Usuario (IdUsuario,Nome,Username,Saldo,Senha,Telefone,Email,IdPais)
VALUES
  (81,'Blake Montgomery','Caldwell',97,'NBJ93JQL8BW','55(68)53267052','dolor.dapibus.gravida@outlook.couk',2),
  (82,'Robert Todd','Fischer',19,'YDH14JFJ7TK','55(86)78239483','tempus.non.lacinia@google.org',5),
  (83,'Xander Marks','Tucker',1,'XEN20YKO7JF','55(67)22932605','class@google.com',15),
  (84,'Kiara Beard','Zimmerman',33,'AUV97QBN8QG','55(84)32463193','neque.nullam@google.com',10),
  (85,'Mannix Ingram','Lynn',100,'DUL91OLQ5QK','55(45)09274798','massa.quisque@aol.edu',5),
  (86,'Cyrus Morrow','Sims',81,'CBU39OKL5RF','55(61)07737536','arcu.imperdiet.ullamcorper@icloud.com',13),
  (87,'Hamish Johns','Glover',58,'WCM88RJV5CI','55(74)65586045','ultricies.ligula.nullam@outlook.edu',5),
  (88,'Adria Bishop','Moore',27,'OFD86LTU0EM','55(02)17615089','lobortis@yahoo.couk',18),
  (89,'Madonna Hardin','Owens',59,'XDW14CQM1YH','55(94)63664666','suspendisse.commodo.tincidunt@aol.net',1),
  (90,'Mari Battle','Melton',31,'YCH11CVO7ZG','55(18)78182618','ut.pharetra@outlook.ca',2);
INSERT INTO Usuario (IdUsuario,Nome,Username,Saldo,Senha,Telefone,Email,IdPais)
VALUES
  (91,'Brett Kramer','Griffith',82,'UDE08UWJ8OS','55(16)66013589','amet.ante@google.couk',19),
  (92,'Ainsley Mccullough','Huber',39,'SUH69GPO3QX','55(43)91101490','in.tincidunt@aol.edu',8),
  (93,'Claire Dorsey','Francis',40,'ELU04DCJ5SW','55(21)37396858','dolor.sit@aol.edu',12),
  (94,'Igor Alston','Frederick',19,'ISA09UKR6QT','55(72)26577661','egestas@yahoo.org',12),
  (95,'Lacy Spears','Pope',71,'EOL42TSV3GV','55(08)29649886','sollicitudin.a@outlook.edu',10),
  (96,'Jacob Randall','Brewer',82,'LDQ12CBL2BC','55(16)13774412','est.congue@icloud.net',18),
  (97,'Lara Marks','Stephens',51,'FPN43VYX0WU','55(27)27128258','facilisis.eget@yahoo.ca',15),
  (98,'Marah Ramsey','Carson',85,'YNQ34QFP4GO','55(73)21665169','mauris.nulla@aol.couk',16),
  (99,'Peter O''brien','Dawson',31,'OAL83KHT7YF','55(63)41287264','ac.risus@google.couk',9),
  (100,'Anika Franklin','Jordan',47,'OFB93NGX6MT','55(49)58904935','sed.leo@google.ca',5);

INSERT INTO Cartao (IdCartao,Nome,NumeroCartao,CPF,CVV,Validade,Tipo,IdUsuario)
VALUES
  (1,'Lev Dean','4556676882997161','768733388-67','973','2029-05-21 00:57:51','D',27),
  (2,'Peter Bryant','5568886454377520','487543534-43','310','2028-06-25 02:18:02','D',45),
  (3,'Troy Preston','4929368822625439','725737566-67','684','2030-02-22 23:26:50','D',34),
  (4,'Urielle Franco','4508852395333173','334269572-65','362','2029-08-11 09:04:15','D',96),
  (5,'Price Wilson','4716426786424764','546786436-36','271','2028-08-14 21:18:57','D',29),
  (6,'Breanna Witt','4508327734133576','276349824-95','608','2028-02-20 04:24:16','C',49),
  (7,'Teegan Baldwin','5385491361555838','733328272-71','797','2028-10-15 09:19:19','D',52),
  (8,'Iris Marsh','4556685848733883','669387432-85','880','2027-12-31 10:04:36','C',21),
  (9,'Vielka Anthony','5526344766852658','678333155-41','316','2030-08-20 03:51:07','D',18),
  (10,'Allen Mcmillan','5386249242839287','317259784-94','567','2028-07-15 21:10:12','D',14);
INSERT INTO Cartao (IdCartao,Nome,NumeroCartao,CPF,CVV,Validade,Tipo,IdUsuario)
VALUES
  (11,'Sean Terrell','5217232832368375','832222752-55','838','2028-09-10 16:22:08','C',62),
  (12,'Charde James','4913558142677775','384965427-22','417','2028-04-21 02:07:33','C',49),
  (13,'Wanda Monroe','4485917768642372','735257931-92','215','2030-01-06 17:04:49','D',50),
  (14,'Claire Blankenship','4532197384174562','745452367-98','611','2029-11-21 10:19:47','D',35),
  (15,'Karen Wallace','5248525869724540','779832412-17','555','2030-08-07 07:22:54','C',98),
  (16,'Valentine Webb','4175002218266943','821383447-85','201','2030-03-30 08:21:02','D',40),
  (17,'Lacy Thompson','4485538328772259','239446923-77','425','2027-06-15 04:41:07','C',48),
  (18,'Hilel Wagner','5378248814686845','277513422-47','287','2030-11-29 23:40:47','D',61),
  (19,'Brandon Ramsey','4485174718828434','563189973-12','321','2027-11-12 17:46:44','D',49),
  (20,'Denton Cannon','5548268241984691','447765552-33','321','2027-04-16 14:07:16','D',72);
INSERT INTO Cartao (IdCartao,Nome,NumeroCartao,CPF,CVV,Validade,Tipo,IdUsuario)
VALUES
  (21,'Camilla O''Neill','4508487365454921','766214288-25','258','2029-09-08 06:01:31','D',47),
  (22,'Nathan Manning','4913533966626513','246336489-69','974','2030-01-13 12:13:34','D',24),
  (23,'Alfonso Sullivan','4485251889394881','165874683-36','898','2027-02-23 04:14:19','C',93),
  (24,'Jeanette Rhodes','4916142751165179','184934671-42','923','2028-02-02 14:14:09','C',51),
  (25,'Nicholas Rowland','4556587854757691','659262512-62','123','2031-03-14 07:42:06','C',77),
  (26,'Roth Bailey','5525397671667760','247268896-34','960','2031-06-21 05:46:55','C',13),
  (27,'Tanek Cook','4485468548573537','781447774-77','179','2029-08-04 12:56:34','D',88),
  (28,'Beverly Sanford','4485532117983417','246572958-54','261','2029-09-27 10:15:51','C',67),
  (29,'Jesse Shields','5293278926782630','423745563-51','948','2029-04-18 23:46:03','D',86),
  (30,'Derek Cooley','5458332815636794','595369655-37','595','2026-09-15 18:28:27','C',41);
INSERT INTO Cartao (IdCartao,Nome,NumeroCartao,CPF,CVV,Validade,Tipo,IdUsuario)
VALUES
  (31,'Jessamine Guerra','5175843883166755','224727267-89','841','2029-07-25 01:14:14','C',53),
  (32,'Zorita Oliver','5174565337429445','818222537-78','499','2026-08-20 19:13:15','C',95),
  (33,'Baker Perkins','4485448779595359','726166335-37','883','2030-08-10 23:00:55','C',45),
  (34,'Jack Barlow','4929584866217293','532624836-98','293','2028-05-30 14:19:28','D',75),
  (35,'Jelani Manning','5449894836793682','314938311-32','250','2030-01-12 11:36:54','C',49),
  (36,'Georgia Schneider','5448536626173655','261113665-45','337','2028-03-21 17:57:53','C',43),
  (37,'Shea Summers','4844218785583327','112542923-79','151','2030-11-17 00:33:58','C',61),
  (38,'Drew Wheeler','5159758538267750','612847265-92','271','2028-08-22 05:25:02','C',87),
  (39,'Curran Russo','4917672579452689','544325544-38','508','2028-04-26 11:51:07','D',59),
  (40,'Kiona Barker','4175009364176669','536748744-92','435','2029-02-02 23:51:13','D',12);
INSERT INTO Cartao (IdCartao,Nome,NumeroCartao,CPF,CVV,Validade,Tipo,IdUsuario)
VALUES
  (41,'Talon Johnston','4917254942319612','679443258-94','794','2029-04-03 18:42:06','C',84),
  (42,'Brett Jenkins','4026494233631774','657156784-53','492','2027-05-23 01:37:32','D',62),
  (43,'Cameron Padilla','4556285444634633','297783565-45','630','2026-11-26 12:13:33','D',57),
  (44,'Maisie Rhodes','5245481876272730','777276714-32','603','2028-08-31 07:47:51','D',4),
  (45,'Amelia Yang','5413523547698359','413436924-19','440','2026-10-09 12:51:44','D',16),
  (46,'Fitzgerald Pearson','5373614746294666','662683822-54','562','2031-03-30 15:41:06','D',3),
  (47,'Yoshi Carney','4556513584444319','735459717-82','939','2028-03-11 04:51:02','D',8),
  (48,'Cullen Mendez','4913822498521270','244453971-26','394','2030-03-21 19:43:45','C',68),
  (49,'Xyla Cantrell','4917452973292621','476467451-96','112','2031-06-02 21:30:31','D',63),
  (50,'Austin Mcfarland','4485515373522425','524224384-22','600','2027-06-21 03:26:16','C',86);
INSERT INTO Cartao (IdCartao,Nome,NumeroCartao,CPF,CVV,Validade,Tipo,IdUsuario)
VALUES
  (51,'Oliver Davis','5538832438372879','977727556-31','712','2027-11-29 17:39:16','D',22),
  (52,'Libby Bradshaw','4175004925557499','256176656-39','951','2029-07-21 23:31:39','C',7),
  (53,'Philip Strong','4539632344448717','562943237-51','815','2027-09-18 18:44:07','D',91),
  (54,'Emmanuel Norris','5556153543736214','356485314-77','676','2031-02-02 07:36:22','D',89),
  (55,'Xavier Henderson','4844449317546728','733123242-75','426','2027-01-24 17:15:48','C',13),
  (56,'Ruth Bishop','4175005546318252','275773775-31','485','2027-10-19 04:59:33','C',13),
  (57,'Felicia Abbott','5276831845639520','879657825-93','257','2028-10-08 12:34:50','D',68),
  (58,'Molly Sweeney','5192216243271939','544954155-78','187','2030-11-12 09:48:21','C',21),
  (59,'Olga Morrow','5533728682538428','757566849-69','548','2029-02-09 02:42:52','C',91),
  (60,'Sopoline Morrison','4026562332537371','716893575-12','707','2029-09-17 23:17:36','D',15);
INSERT INTO Cartao (IdCartao,Nome,NumeroCartao,CPF,CVV,Validade,Tipo,IdUsuario)
VALUES
  (61,'Alfreda Frye','4539987537442285','235481888-29','837','2028-06-03 13:32:42','C',35),
  (62,'Alisa Williams','5341123314512821','587912422-33','521','2027-12-01 12:40:14','C',60),
  (63,'Edward Powers','4485765297479661','212725758-57','194','2027-05-22 03:35:03','C',76),
  (64,'Hilel Mccray','4913952732861537','578334436-57','997','2027-11-29 12:59:32','D',10),
  (65,'Raphael Matthews','5562191447974335','543347516-45','318','2026-09-10 20:32:15','C',46),
  (66,'Macaulay Sawyer','4916785226342581','326222948-22','622','2028-12-19 08:10:02','C',62),
  (67,'Omar Price','5563127395179914','634557876-27','971','2030-04-15 20:24:15','C',79),
  (68,'Adena Erickson','4175003125553621','785464486-76','981','2028-02-01 08:31:07','C',63),
  (69,'Unity Goff','4485967276326455','438524665-62','242','2030-01-10 07:08:53','C',90),
  (70,'Sara Long','4532763283655678','445288536-55','720','2031-03-24 07:57:18','C',91);
INSERT INTO Cartao (IdCartao,Nome,NumeroCartao,CPF,CVV,Validade,Tipo,IdUsuario)
VALUES
  (71,'Ina Boone','4026825979363736','549877667-83','555','2031-02-15 02:04:01','C',59),
  (72,'Damon Day','4532857439463936','269789346-72','127','2030-03-22 11:48:46','C',8),
  (73,'Joshua Wilkinson','4716322823546786','383868585-26','935','2030-09-26 14:57:18','D',43),
  (74,'Miranda Martinez','5412265188543491','868827962-64','197','2028-10-25 05:31:08','D',23),
  (75,'Drew Rios','5548222782739956','848842425-28','854','2028-05-07 06:54:59','D',79),
  (76,'Candice Shelton','5172688214224382','754338452-39','728','2027-09-18 15:01:57','C',32),
  (77,'Blythe Burgess','4175004358734557','892988367-43','308','2030-07-20 03:41:07','D',28),
  (78,'Shelly Duncan','4674293124143641','148467744-45','570','2028-08-23 03:46:50','D',17),
  (79,'Colorado Harrison','4508622425318217','316852624-33','834','2031-04-15 20:02:32','C',69),
  (80,'Sara Gill','4917478732924188','376336886-68','162','2031-02-24 04:52:00','C',23);
INSERT INTO Cartao (IdCartao,Nome,NumeroCartao,CPF,CVV,Validade,Tipo,IdUsuario)
VALUES
  (81,'Tad Finley','4917636571794257','496127865-49','922','2027-05-31 17:51:12','D',55),
  (82,'Wallace Taylor','4716366294633524','721396268-74','313','2031-04-17 17:34:52','C',19),
  (83,'Cameron Cruz','4832348596453123','839723653-41','860','2029-03-24 20:33:00','C',15),
  (84,'Astra Knowles','4485915386565355','786736187-26','156','2031-01-04 10:33:24','D',62),
  (85,'Carol Meadows','4186263363678681','367685592-51','908','2028-01-17 08:39:59','D',25),
  (86,'Cadman Daniels','4175007772411413','683822781-34','514','2029-12-01 19:52:27','D',42),
  (87,'Vernon Morgan','4917458641658242','482722558-45','141','2029-06-19 11:51:03','D',37),
  (88,'Pearl Maynard','5477713538878283','745552456-75','535','2030-08-05 15:14:03','C',98),
  (89,'TaShya Carpenter','4917438948244680','488766542-44','307','2027-08-17 20:02:09','C',44),
  (90,'Lara Hines','4844267875435443','293471221-76','370','2031-04-07 22:16:52','D',17);
INSERT INTO Cartao (IdCartao,Nome,NumeroCartao,CPF,CVV,Validade,Tipo,IdUsuario)
VALUES
  (91,'Keegan Waters','4524466628643579','361463275-68','733','2026-12-26 02:24:48','D',54),
  (92,'Gillian Gonzales','4844843528654257','776378546-62','598','2028-12-14 20:02:23','D',6),
  (93,'Indira Callahan','5162378661768683','541533115-15','141','2026-10-26 14:42:09','D',44),
  (94,'Eagan Allison','5336584448158368','674745777-49','438','2028-08-16 22:19:05','C',4),
  (95,'Kaseem Pittman','5155563326828761','858511675-55','526','2030-08-25 08:20:58','D',67),
  (96,'Nigel Briggs','4508116555668913','378293769-76','922','2026-09-24 22:25:20','C',97),
  (97,'John Michael','4929125891848825','799134427-54','629','2027-03-09 10:11:24','D',48),
  (98,'Solomon Caldwell','5435464717274966','397457752-84','335','2027-05-04 14:40:42','C',4),
  (99,'Armand Waller','4532843862574282','982483862-96','854','2027-12-31 07:55:43','D',62),
  (100,'Ezra Mcconnell','4508922197644620','414317988-36','856','2031-02-12 14:42:11','C',82);
INSERT INTO Cartao (IdCartao,Nome,NumeroCartao,CPF,CVV,Validade,Tipo,IdUsuario)
VALUES
  (101,'Kim Evans','5348482564672823','568446379-77','599','2028-03-30 05:10:41','D',67),
  (102,'Jamal Gregory','4532772268117828','625668134-64','423','2028-03-04 15:14:51','C',52),
  (103,'Stewart Barron','4532855683883742','535314469-38','335','2030-07-11 11:47:55','C',81),
  (104,'Ishmael Hensley','4175002385138289','376175686-68','856','2027-12-17 15:50:41','D',94),
  (105,'Jennifer England','4917225368146747','255835362-27','579','2028-01-08 22:03:49','D',64),
  (106,'Griffin Shepard','4917651612368532','151871627-68','212','2029-08-28 20:30:36','D',82),
  (107,'Harper Solomon','4556144146129774','131742664-76','776','2026-08-11 07:25:30','D',62),
  (108,'Patricia Murray','5443149857456933','335583123-83','702','2031-02-23 11:27:53','C',5),
  (109,'Rana Zamora','4024007115874791','724499744-44','745','2028-12-08 09:00:56','C',81),
  (110,'Hu Stevenson','4716372833677485','373673969-46','188','2028-10-03 22:42:30','D',94);
INSERT INTO Cartao (IdCartao,Nome,NumeroCartao,CPF,CVV,Validade,Tipo,IdUsuario)
VALUES
  (111,'Alvin Blair','5386263276872684','685856746-84','809','2029-08-25 18:21:45','C',39),
  (112,'Whitney Velazquez','4026819248776794','696248687-88','819','2031-01-13 09:32:28','D',90),
  (113,'Lila Luna','4539228547965910','317528585-33','802','2029-08-21 12:36:05','C',2),
  (114,'Eleanor Massey','5526885769244871','366257315-69','158','2030-07-11 15:41:42','D',89),
  (115,'Amela Burton','5523562488624310','679689126-77','533','2030-07-10 14:02:38','D',95),
  (116,'William Dickerson','4916243635264285','884648612-13','918','2029-10-31 08:41:40','C',85),
  (117,'Mollie Schmidt','4539351485222845','778423183-75','188','2029-02-04 16:00:48','D',59),
  (118,'Gil Carver','4556476452747488','888352437-36','744','2031-07-12 02:42:34','D',86),
  (119,'Lila Simmons','4844514294598289','258388317-75','423','2029-11-27 13:22:07','C',81),
  (120,'August Velazquez','4539343271975314','381225531-57','741','2028-05-24 21:16:48','C',55);
INSERT INTO Cartao (IdCartao,Nome,NumeroCartao,CPF,CVV,Validade,Tipo,IdUsuario)
VALUES
  (121,'Shea Kelly','4929361356363626','761675323-27','839','2028-11-14 00:26:05','D',68),
  (122,'Joshua Mccormick','4916668632568264','174932662-53','739','2031-03-12 03:05:56','D',78),
  (123,'Gareth Webster','4913674831274558','384719433-66','777','2029-06-22 13:40:39','D',30),
  (124,'Charissa Maddox','4539382574537678','433543535-25','653','2029-12-19 00:17:22','C',79),
  (125,'Mariko Fernandez','4539619374654546','774392742-93','978','2030-09-09 15:29:18','D',14),
  (126,'Laith David','4844214436274432','436638966-48','707','2031-05-18 01:46:21','D',79),
  (127,'Laura Randall','4913435695136824','334777683-47','506','2027-09-01 15:04:40','C',32),
  (128,'Benjamin Conrad','4508348872756424','558762392-73','860','2029-02-17 00:37:34','D',51),
  (129,'Chaim Newton','4024007164867522','543634596-66','323','2027-05-19 22:18:42','C',3),
  (130,'Lilah Moss','4638863466365682','924865669-41','821','2031-05-23 08:00:17','D',29);
INSERT INTO Cartao (IdCartao,Nome,NumeroCartao,CPF,CVV,Validade,Tipo,IdUsuario)
VALUES
  (131,'Bethany Larsen','4844317917499533','878355776-21','434','2029-05-20 19:13:24','C',51),
  (132,'Adrian Acosta','5186621726552960','197551812-36','272','2027-02-27 20:35:35','D',28),
  (133,'Cole Workman','4485255552757340','249945633-43','187','2031-06-24 23:15:47','C',37),
  (134,'Risa Santana','4026628218533659','446948768-51','162','2030-12-22 12:48:14','C',69),
  (135,'Emmanuel Livingston','4539651942739673','276988445-88','191','2030-04-23 19:34:29','D',53),
  (136,'Aphrodite Wong','4026366236832213','538289912-44','113','2027-12-12 07:33:42','C',97),
  (137,'Abel Ferguson','5285258479173668','142854814-67','352','2031-06-17 21:06:55','C',3),
  (138,'Venus Bradley','5425348616946422','415516928-58','946','2026-10-18 17:27:42','D',99),
  (139,'Walker Rivera','4026231549589662','123949644-27','269','2028-08-18 18:12:34','C',24),
  (140,'Nichole Larson','4175008556252676','797168227-51','720','2028-08-18 04:42:44','D',8);
INSERT INTO Cartao (IdCartao,Nome,NumeroCartao,CPF,CVV,Validade,Tipo,IdUsuario)
VALUES
  (141,'Beau Grimes','4917796512399333','273396552-72','791','2030-08-26 12:16:24','D',65),
  (142,'Flynn Hull','5276318286355261','238775323-29','350','2029-08-03 14:22:37','D',42),
  (143,'Charles Alford','4913763456783553','657235931-24','390','2028-10-06 07:33:56','D',74),
  (144,'Rose Buck','4913926232447641','953545924-64','517','2029-08-06 15:44:15','C',29),
  (145,'Laurel Allison','5432524749683972','946866828-26','543','2029-04-15 22:32:16','C',95),
  (146,'Lillian Le','4929986958312520','156486665-58','528','2030-10-08 02:36:27','D',49),
  (147,'Sylvester Harris','5223832356822574','394377293-24','758','2027-02-03 14:53:24','D',18),
  (148,'Calista Klein','5438577425353371','811478822-47','721','2026-08-17 03:59:15','C',53),
  (149,'Florence Stafford','5585261546851560','184135545-75','471','2030-07-22 20:45:52','D',71),
  (150,'Rhiannon Waller','4532944325744320','488647333-74','237','2029-04-27 09:23:20','D',15);
INSERT INTO Cartao (IdCartao,Nome,NumeroCartao,CPF,CVV,Validade,Tipo,IdUsuario)
VALUES
  (151,'Berk Benton','4532145877127365','615665335-44','370','2029-04-08 16:14:57','D',5),
  (152,'Quamar Mccarty','5224184262817291','167297648-41','820','2029-06-10 00:01:03','D',74),
  (153,'Knox Sutton','5183882553821695','337352196-27','805','2031-04-30 13:16:35','D',7),
  (154,'Cadman David','5271257848544555','748888466-65','997','2027-05-04 23:14:32','D',50),
  (155,'Melinda Terrell','5356389434783780','478381443-41','784','2028-10-29 14:57:26','C',98),
  (156,'Miranda Branch','4913125888958858','579584768-35','238','2027-03-08 01:59:07','C',42),
  (157,'Maisie Bowen','4175004258884627','273685727-22','914','2030-09-25 11:49:32','D',52),
  (158,'Rae Perez','4024007114275453','326544726-55','166','2027-10-22 20:06:24','C',62),
  (159,'Chaim Golden','4913872645867258','683657559-38','179','2031-05-01 10:46:17','C',57),
  (160,'Ivana Vega','5389753398256532','722264757-55','855','2027-10-25 23:41:32','D',45);
INSERT INTO Cartao (IdCartao,Nome,NumeroCartao,CPF,CVV,Validade,Tipo,IdUsuario)
VALUES
  (161,'Tatum Crosby','4175004218942663','221635817-45','806','2030-03-20 11:54:11','C',61),
  (162,'Kuame Carney','5454225898567437','182837261-27','572','2026-09-05 03:17:26','C',54),
  (163,'Christen Sykes','4913276595162548','747535967-46','179','2031-04-27 23:09:06','D',93),
  (164,'Iona Burnett','5525747551633268','533893433-22','279','2030-03-04 15:43:55','D',37),
  (165,'Kylynn Dalton','5371252123555748','185398797-23','536','2029-03-15 14:33:52','D',93),
  (166,'Tamara Contreras','5486444253265279','973777645-84','681','2031-05-18 17:48:06','C',54),
  (167,'Judith Sherman','4913872252496185','268442436-33','772','2027-05-12 12:59:55','C',34),
  (168,'Ruth David','4175001483573256','711949412-41','275','2027-07-20 19:46:46','D',84),
  (169,'Sacha Orr','5485973825838446','395955132-68','942','2030-02-27 18:42:21','C',71),
  (170,'Conan Mayo','4024007177824213','569124855-74','317','2026-10-20 04:29:21','D',75);
INSERT INTO Cartao (IdCartao,Nome,NumeroCartao,CPF,CVV,Validade,Tipo,IdUsuario)
VALUES
  (171,'Noah Cain','5477383287478972','633412438-58','854','2028-05-05 04:29:30','D',73),
  (172,'Jerome O''Neill','4913856273763368','338164124-66','741','2029-02-13 10:29:50','C',51),
  (173,'Imogene Ochoa','4913477893122131','596421451-35','628','2028-08-24 00:08:43','D',62),
  (174,'Hedwig Vance','4026623728454686','639341915-52','306','2027-02-14 07:02:52','D',21),
  (175,'Zena Cruz','4508442632836558','522249748-56','371','2026-12-03 13:07:06','D',3),
  (176,'Upton Hopper','4508234333495184','317527875-25','887','2027-02-05 07:47:59','D',37),
  (177,'Freya Woods','4532432934736226','732536384-39','267','2030-07-18 08:36:06','C',57),
  (178,'Herrod Dickson','4556745699468276','255364883-77','747','2027-03-21 13:16:05','C',77),
  (179,'Laith Randall','5416329428872783','126425462-57','852','2030-11-30 12:45:01','C',96),
  (180,'Lacey Brock','4175004461243827','682377168-22','119','2031-06-29 09:34:25','C',30);
INSERT INTO Cartao (IdCartao,Nome,NumeroCartao,CPF,CVV,Validade,Tipo,IdUsuario)
VALUES
  (181,'Lee Harrell','4844357763927880','486437885-44','343','2029-07-18 09:30:34','D',43),
  (182,'Mufutau Ayala','4024007128993240','841598866-69','488','2028-12-24 19:48:10','D',79),
  (183,'Ethan Pena','4844483656666342','541527548-27','546','2030-08-03 23:31:52','C',63),
  (184,'Russell Bond','4539428363838791','346387464-75','919','2026-08-07 03:13:43','C',71),
  (185,'Wyatt Kirkland','4175006916717289','664472757-66','790','2026-08-12 19:09:49','D',19),
  (186,'Luke Brown','5429643763346582','342721493-15','685','2030-12-09 06:04:04','D',13),
  (187,'Kibo Olson','4539223866462391','854422264-24','795','2030-04-03 09:36:27','C',81),
  (188,'Victoria Sosa','5459746276861451','496723523-63','579','2031-06-13 14:15:23','C',23),
  (189,'Jesse Alston','4539666429644659','525872935-45','514','2027-07-09 22:26:06','C',30),
  (190,'Jolene Blevins','4556826619477553','548554971-23','128','2026-11-04 23:20:47','D',60);
INSERT INTO Cartao (IdCartao,Nome,NumeroCartao,CPF,CVV,Validade,Tipo,IdUsuario)
VALUES
  (191,'Byron Riddle','4485422593666530','238395353-15','320','2029-11-16 08:10:24','D',61),
  (192,'Evan May','4175001776537356','299463796-86','428','2029-06-30 19:22:24','C',97),
  (193,'Aurelia Perkins','5152352288248256','573264626-35','604','2029-10-09 20:57:46','D',96),
  (194,'Joelle Clark','5596474944523767','828386793-42','355','2027-02-02 12:09:12','C',94),
  (195,'August Bell','4539675457756764','297984819-84','987','2028-07-23 19:49:58','C',60),
  (196,'Addison Barry','4556741631338651','875881417-53','257','2026-10-31 21:28:26','D',47),
  (197,'Matthew Grimes','4929645634485155','782667689-22','997','2031-06-24 06:17:44','C',83),
  (198,'Quintessa Barker','4844672728262375','235245123-73','981','2029-03-10 17:02:19','D',10),
  (199,'Xanthus Mayo','4916626637422549','272538144-47','992','2027-11-20 07:20:21','D',68),
  (200,'Jaquelyn Whitehead','5135528568689382','421545961-65','273','2030-03-06 05:22:25','C',26);

INSERT INTO Cupom (IdCupom,Validade,Valor,Porcentagem,IdJogo)
VALUES
  (1,'2023-06-19 16:30:36',50.00,0.00,NULL),
  (2,'2023-04-20 20:27:35',25.00,0.00,NULL),
  (3,'2023-06-12 00:03:42',0.00,0.05,NULL),
  (4,'2023-12-27 22:18:51',0.00,0.50,NULL),
  (5,'2023-07-07 22:09:43',0.00,0.00,11),
  (6,'2023-04-03 05:11:56',0.00,0.00,32);

INSERT INTO Transacao (IdTransacao,Total,Data,IdCupom,Boleto,Saldo,IdCartao)
VALUES
  (1,0,'2019-09-11 02:26:08',5,'942269367464651236101242135176706617435628228085',0,58),
  (2,0,'2019-06-30 17:52:20',2,'688315055027265738215552282760374486582016627816',0,55),
  (3,0,'2021-08-29 03:00:30',2,'748343427216064941386751306286777026755318365136',0,139),
  (4,0,'2018-08-20 12:55:26',2,'535146241043568165366672368425935931782350692641',0,144),
  (5,0,'2022-07-10 00:24:12',4,'404182968731338306744176852428121263274657217428',0,102),
  (6,0,'2021-02-16 05:35:07',2,'078678149344181058413948689523113156678313738836',0,71),
  (7,0,'2018-07-15 10:33:07',3,'786426480332356606956321855554640313869436627443',0,85),
  (8,0,'2022-06-09 16:56:32',3,'122475612110587243237522901726128564518344954027',0,39),
  (9,0,'2022-04-26 09:52:40',5,'587170721506515438542466267661494886860471453488',0,77),
  (10,0,'2017-12-27 05:23:26',1,'824748127127195973049303785394881317611663509065',0,188);
INSERT INTO Transacao (IdTransacao,Total,Data,IdCupom,Boleto,Saldo,IdCartao)
VALUES
  (11,0,'2022-05-07 17:44:53',5,'186644328744487426297697328757840178698031908106',0,115),
  (12,0,'2022-06-07 07:25:23',3,'895310468344174765102175320910544673157373068446',0,45),
  (13,0,'2020-12-18 10:16:50',1,'363547355423355871074604835003840801198536241465',0,38),
  (14,0,'2019-02-14 16:12:58',6,'476844280545978768941487626284666739731743466436',0,83),
  (15,0,'2020-04-27 15:49:58',4,'106188754817219179301265241214109122777688535857',0,88),
  (16,0,'2017-09-01 21:03:38',3,'287864172215619729801169521312015385770603023881',0,107),
  (17,0,'2019-12-12 20:22:19',1,'887335383008588230101525355576343666431425632265',0,113),
  (18,0,'2022-04-18 18:59:12',2,'711963670173868377607620862172131104215651721814',0,193),
  (19,0,'2019-06-11 19:45:47',2,'133644589090200885341861604453522834957098569627',0,11),
  (20,0,'2018-06-10 15:39:49',4,'111119842710503338828323587112326182024349398726',0,169);
INSERT INTO Transacao (IdTransacao,Total,Data,IdCupom,Boleto,Saldo,IdCartao)
VALUES
  (21,0,'2021-08-29 19:00:49',5,'445312317569291925467588062134152226986162437363',0,174),
  (22,0,'2021-03-20 18:41:07',2,'443265768928363345034515116729618583277249823564',0,91),
  (23,0,'2018-02-22 11:29:20',4,'815624762753436576384352784532388859218639742326',0,123),
  (24,0,'2021-09-21 02:07:18',3,'940531523341594643587556976262813727642311029908',0,103),
  (25,0,'2020-08-11 09:36:11',4,'786407014105584843976516197500123261883336563693',0,121),
  (26,0,'2020-03-11 14:35:04',2,'253353821384855913450327290491143606084267511332',0,193),
  (27,0,'2019-11-18 14:48:47',3,'488666132216997782671617072862377680213417772613',0,67),
  (28,0,'2021-11-25 05:33:21',5,'556134739738021703556664022423512346644111116323',0,195),
  (29,0,'2018-05-09 16:24:07',3,'503341542726567737328223924136135608028257047861',0,68),
  (30,0,'2020-10-30 23:01:00',5,'374324235018224558278836933632361615483808555767',0,87);
INSERT INTO Transacao (IdTransacao,Total,Data,IdCupom,Boleto,Saldo,IdCartao)
VALUES
  (31,0,'2018-03-20 16:55:47',3,'897236367095557246636171623726872260358041514129',0,131),
  (32,0,'2021-12-26 08:13:26',3,'757921544038413136452041116867050666576217283227',0,107),
  (33,0,'2018-06-04 07:33:21',6,'279150486189517468392584720710066285859402138800',0,93),
  (34,0,'2019-09-15 00:49:24',2,'156448745657262962433320541522064861376145375572',0,111),
  (35,0,'2019-05-24 01:01:49',4,'571322791902819652662663362826061543986519134518',0,112),
  (36,0,'2019-04-13 05:40:38',6,'344341866384878364494718693135661182281170861132',0,92),
  (37,0,'2020-04-30 19:43:16',5,'454374231272062602607264277648238116564266707145',0,28),
  (38,0,'2018-03-16 13:32:59',4,'427661534861985934373337135698603435771216505799',0,99),
  (39,0,'2017-11-15 04:48:25',4,'663114567858466252230711479465475451033888178332',0,8),
  (40,0,'2019-03-19 07:09:43',2,'475840175453255271801018961758384314314179475263',0,159);
INSERT INTO Transacao (IdTransacao,Total,Data,IdCupom,Boleto,Saldo,IdCartao)
VALUES
  (41,0,'2020-10-14 14:38:28',4,'248782838175511432407938751321422264343824962324',0,175),
  (42,0,'2017-12-23 09:35:58',3,'116636647759215431198482461527977764281501911273',0,166),
  (43,0,'2020-08-22 08:35:25',4,'566255617151702616364930425141653332752841355225',0,194),
  (44,0,'2020-11-17 18:06:51',4,'115415065354783710655416843281786083473466677156',0,44),
  (45,0,'2019-02-21 20:16:29',5,'122273233767462332759282783116258716277236221902',0,92),
  (46,0,'2020-05-29 00:29:15',5,'663947564696672736154564755481863851496766363640',0,161),
  (47,0,'2021-07-12 00:49:21',4,'650579725764603743267486280686676095017146620543',0,170),
  (48,0,'2019-10-19 09:46:50',4,'417730731279608302377646924231198481161564523617',0,153),
  (49,0,'2019-09-15 14:46:44',1,'611228149895291612646623876501011780682461433858',0,125),
  (50,0,'2022-03-31 06:17:42',2,'902861587822009210950555225047294366206944347723',0,9);
INSERT INTO Transacao (IdTransacao,Total,Data,IdCupom,Boleto,Saldo,IdCartao)
VALUES
  (51,0,'2020-07-31 01:30:23',2,'558309822447182728376518765768979662788651522937',0,185),
  (52,0,'2022-07-01 06:09:18',3,'740184787240836469531352587430411754111474465768',0,159),
  (53,0,'2022-06-30 03:39:42',3,'577983711466583125241486572242358945554481301325',0,145),
  (54,0,'2019-01-19 18:16:13',2,'438467471417768244117704433629676435567131118399',0,98),
  (55,0,'2020-11-25 01:52:24',3,'786187787373156110885781651340377633080462114015',0,143),
  (56,0,'2018-06-14 21:22:06',2,'518447256321042655645352700423613995809120855228',0,188),
  (57,0,'2020-01-19 07:01:58',4,'145646976331362488144935324778823262973347735936',0,106),
  (58,0,'2020-03-30 15:08:48',1,'247628878725605183257072337372123537746774935408',0,167),
  (59,0,'2020-12-16 15:26:32',4,'823645486492902885116274184158282555026064347131',0,136),
  (60,0,'2021-12-02 03:29:52',3,'548358236283785618170752346641387577214972247918',0,75);
INSERT INTO Transacao (IdTransacao,Total,Data,IdCupom,Boleto,Saldo,IdCartao)
VALUES
  (61,0,'2018-02-16 21:46:16',3,'121795835154922517128475110401154791282546816446',0,111),
  (62,0,'2022-05-22 21:21:44',3,'178562446536449536618130963611425433535811746313',0,64),
  (63,0,'2018-04-06 01:25:42',5,'510280510627773716411452425948547746858452726213',0,20),
  (64,0,'2020-05-26 22:37:08',6,'361681113513627515214760584856873836323520138215',0,121),
  (65,0,'2019-08-06 01:25:06',5,'676145195283238430818856165124022250276554675173',0,74),
  (66,0,'2021-11-25 07:41:38',3,'828375506145564785931433864385518475036126266247',0,23),
  (67,0,'2021-05-03 21:15:59',5,'502170632741645437796228577731814145358317961886',0,76),
  (68,0,'2020-02-14 07:08:57',4,'335350142624310150845432948117462751072467288582',0,33),
  (69,0,'2019-06-18 10:14:28',4,'527796824691203789685731017807242434764286552842',0,180),
  (70,0,'2019-05-21 10:39:29',4,'813814933164535773885681259251131708294419644433',0,184);
INSERT INTO Transacao (IdTransacao,Total,Data,IdCupom,Boleto,Saldo,IdCartao)
VALUES
  (71,0,'2021-12-31 14:04:32',5,'215574181267687722759706717517148833841354026974',0,7),
  (72,0,'2017-07-22 00:37:04',1,'301988245318816779225889241135415702431414987008',0,131),
  (73,0,'2019-04-03 18:20:37',4,'163561168196489547992023245522031244941104064563',0,13),
  (74,0,'2021-06-13 07:02:45',3,'718424598221513123127122528579048855337688878926',0,179),
  (75,0,'2019-05-01 06:07:13',2,'478522816856785786460561775192087620796764621693',0,169);

INSERT INTO UsuarioJogo (IdUsuario,IdJogo,IdTransacao)
VALUES
  (41,46,1),
  (31,38,2),
  (58,14,3),
  (5,20,4),
  (46,46,5),
  (90,34,6),
  (95,1,7),
  (75,4,8),
  (67,9,9),
  (6,11,10);
INSERT INTO UsuarioJogo (IdUsuario,IdJogo,IdTransacao)
VALUES
  (76,3,11),
  (77,19,12),
  (27,2,13),
  (100,44,14),
  (75,49,15),
  (85,5,16),
  (51,35,17),
  (9,17,18),
  (52,25,19),
  (90,28,20);
INSERT INTO UsuarioJogo (IdUsuario,IdJogo,IdTransacao)
VALUES
  (44,42,21),
  (99,22,22),
  (67,8,23),
  (59,44,24),
  (36,26,25),
  (15,19,26),
  (65,50,27),
  (38,35,28),
  (33,11,29),
  (56,10,30);
INSERT INTO UsuarioJogo (IdUsuario,IdJogo,IdTransacao)
VALUES
  (12,43,31),
  (37,48,32),
  (91,19,33),
  (90,39,34),
  (76,45,35),
  (71,25,36),
  (18,26,37),
  (12,33,38),
  (79,42,39),
  (34,29,40);
INSERT INTO UsuarioJogo (IdUsuario,IdJogo,IdTransacao)
VALUES
  (72,43,41),
  (25,22,42),
  (58,22,43),
  (18,11,44),
  (54,4,45),
  (99,6,46),
  (97,50,47),
  (2,5,48),
  (87,12,49),
  (90,14,50);
INSERT INTO UsuarioJogo (IdUsuario,IdJogo,IdTransacao)
VALUES
  (16,41,51),
  (92,47,52),
  (58,6,53),
  (24,4,54),
  (51,12,55),
  (82,48,56),
  (11,47,57),
  (40,28,58),
  (3,29,59),
  (74,27,60);
INSERT INTO UsuarioJogo (IdUsuario,IdJogo,IdTransacao)
VALUES
  (69,4,61),
  (14,15,62),
  (93,16,63),
  (7,44,64),
  (13,21,65),
  (55,9,66),
  (18,3,67),
  (83,11,68),
  (88,5,69),
  (93,29,70);
INSERT INTO UsuarioJogo (IdUsuario,IdJogo,IdTransacao)
VALUES
  (50,19,71),
  (51,6,72),
  (63,12,73),
  (10,25,74),
  (29,16,75);

INSERT INTO UsuarioUsuario (IdUsuario1,IdUsuario2)
VALUES
  (82,89),
  (64,64),
  (59,100),
  (67,83),
  (60,51),
  (18,78),
  (10,45),
  (59,46),
  (40,25),
  (64,21);
INSERT INTO UsuarioUsuario (IdUsuario1,IdUsuario2)
VALUES
  (92,99),
  (99,68),
  (31,37),
  (39,33),
  (3,17),
  (33,31),
  (49,8),
  (42,2),
  (76,34),
  (72,12);
INSERT INTO UsuarioUsuario (IdUsuario1,IdUsuario2)
VALUES
  (91,25),
  (26,89),
  (9,6),
  (40,43),
  (51,26),
  (25,91),
  (24,63),
  (67,51),
  (90,50),
  (45,27);
INSERT INTO UsuarioUsuario (IdUsuario1,IdUsuario2)
VALUES
  (62,54),
  (76,32),
  (91,28),
  (95,3),
  (94,34),
  (10,29),
  (60,81),
  (98,91),
  (77,66),
  (3,17);
INSERT INTO UsuarioUsuario (IdUsuario1,IdUsuario2)
VALUES
  (16,20),
  (55,72),
  (13,1),
  (13,73),
  (9,51),
  (2,13),
  (59,27),
  (82,12),
  (34,49),
  (9,51);
INSERT INTO UsuarioUsuario (IdUsuario1,IdUsuario2)
VALUES
  (62,49),
  (18,32),
  (42,68),
  (87,57),
  (9,27),
  (16,84),
  (94,37),
  (80,33),
  (18,38),
  (1,35);
INSERT INTO UsuarioUsuario (IdUsuario1,IdUsuario2)
VALUES
  (18,84),
  (88,93),
  (68,31),
  (90,93),
  (53,79),
  (98,86),
  (34,57),
  (26,49),
  (33,98),
  (87,84);
INSERT INTO UsuarioUsuario (IdUsuario1,IdUsuario2)
VALUES
  (58,39),
  (96,8),
  (55,56),
  (19,99),
  (41,2),
  (2,90),
  (12,19),
  (69,70),
  (28,20),
  (37,68);
INSERT INTO UsuarioUsuario (IdUsuario1,IdUsuario2)
VALUES
  (23,43),
  (88,83),
  (76,2),
  (36,79),
  (54,46),
  (59,33),
  (65,20),
  (13,45),
  (65,16),
  (34,17);
INSERT INTO UsuarioUsuario (IdUsuario1,IdUsuario2)
VALUES
  (35,93),
  (70,6),
  (22,20),
  (37,46),
  (31,29),
  (26,28),
  (57,34),
  (64,92),
  (12,21),
  (81,58);
INSERT INTO UsuarioUsuario (IdUsuario1,IdUsuario2)
VALUES
  (9,39),
  (86,65),
  (34,72),
  (52,3),
  (3,33),
  (85,11),
  (32,96),
  (23,17),
  (12,92),
  (67,36);
INSERT INTO UsuarioUsuario (IdUsuario1,IdUsuario2)
VALUES
  (80,3),
  (31,91),
  (71,97),
  (63,34),
  (78,85),
  (47,93),
  (4,58),
  (60,60),
  (80,17),
  (13,92);
INSERT INTO UsuarioUsuario (IdUsuario1,IdUsuario2)
VALUES
  (32,26),
  (73,91),
  (90,11),
  (17,7),
  (44,80),
  (42,63),
  (51,88),
  (98,88),
  (78,38),
  (64,37);
INSERT INTO UsuarioUsuario (IdUsuario1,IdUsuario2)
VALUES
  (84,94),
  (30,24),
  (64,47),
  (65,67),
  (72,18),
  (66,92),
  (12,55),
  (70,39),
  (30,25),
  (51,46);
INSERT INTO UsuarioUsuario (IdUsuario1,IdUsuario2)
VALUES
  (44,53),
  (68,78),
  (67,16),
  (15,36),
  (74,21),
  (24,26),
  (74,30),
  (25,75),
  (92,6),
  (73,75);
INSERT INTO UsuarioUsuario (IdUsuario1,IdUsuario2)
VALUES
  (9,9),
  (6,21),
  (62,79),
  (85,71),
  (26,25),
  (29,62),
  (56,78),
  (17,6),
  (70,98),
  (12,8);
INSERT INTO UsuarioUsuario (IdUsuario1,IdUsuario2)
VALUES
  (67,95),
  (82,28),
  (17,61),
  (79,69),
  (45,54),
  (89,82),
  (93,27),
  (95,88),
  (59,13),
  (96,43);
INSERT INTO UsuarioUsuario (IdUsuario1,IdUsuario2)
VALUES
  (87,96),
  (37,38),
  (33,90),
  (77,53),
  (26,12),
  (48,46),
  (5,17),
  (10,42),
  (69,10),
  (75,20);
INSERT INTO UsuarioUsuario (IdUsuario1,IdUsuario2)
VALUES
  (38,32),
  (52,9),
  (40,6),
  (38,54),
  (16,85),
  (43,33),
  (78,83),
  (48,4),
  (48,23),
  (94,50);
INSERT INTO UsuarioUsuario (IdUsuario1,IdUsuario2)
VALUES
  (45,4),
  (63,29),
  (42,14),
  (5,23),
  (66,3),
  (41,87),
  (86,74),
  (55,89),
  (60,72),
  (79,93);

INSERT INTO Comunidade (IdComunidade,Titulo,Mensagem,NomeArquivo,Avaliacao,IdJogo)
VALUES
  (1,'arcu. Curabitur ut odio','arcu. Sed eu nibh','https://pinterest.com/fr?k=0',2,23),
  (2,'vel lectus.','gravida nunc sed pede. Cum sociis natoque penatibus et magnis dis parturient montes,','http://naver.com/en-ca?gi=100',9,1),
  (3,'scelerisque neque sed','Duis risus odio, auctor vitae, aliquet nec, imperdiet nec, leo. Morbi neque tellus, imperdiet non, vestibulum','https://bbc.co.uk/group/9?search=1',1,6),
  (4,'lorem, sit amet ultricies','vitae, sodales at, velit. Pellentesque','https://twitter.com/sub/cars?g=1',2,33),
  (5,'Donec egestas.','massa. Suspendisse eleifend. Cras sed leo. Cras vehicula aliquet libero. Integer in magna. Phasellus dolor elit, pellentesque a,','http://zoom.us/en-ca?search=1',8,44),
  (6,'tortor at risus.','dictum eleifend, nunc risus varius orci, in consequat enim','https://ebay.com/settings?str=se',5,24),
  (7,'sit amet, faucibus ut, nulla.','eu lacus. Quisque imperdiet, erat nonummy ultricies ornare, elit elit fermentum risus, at fringilla','http://wikipedia.org/en-us?q=4',0,18),
  (8,'dolor sit','Vivamus rhoncus. Donec est. Nunc ullamcorper, velit in aliquet lobortis, nisi','https://zoom.us/fr?q=4',9,23),
  (9,'non lorem vitae odio ','eu, ultrices sit amet, risus. Donec nibh enim, gravida sit amet, dapibus','http://netflix.com/sub/cars?k=0',5,13),
  (10,'dolor egestas rhoncus.','Vestibulum ante ipsum primis in faucibus orci luctus et ultrices posuere cubilia','http://naver.com/user/110?q=4',7,50);
INSERT INTO Comunidade (IdComunidade,Titulo,Mensagem,NomeArquivo,Avaliacao,IdJogo)
VALUES
  (11,'ultrices. rhoncus.','semper egestas, urna','http://whatsapp.com/group/9?p=8',0,12),
  (12,'pharetra. Nam ac nulla.','Phasellus at augue id ante dictum cursus. Nunc mauris elit, dictum eu, eleifend nec,','https://baidu.com/en-ca?client=g',2,38),
  (13,'nunc, ullamcorper eu,','auctor. Mauris vel turpis. Aliquam adipiscing','http://whatsapp.com/user/110?str=se',6,1),
  (14,'orci tincidunt adipiscing.','augue ac ipsum. Phasellus vitae','https://google.com/group/9?q=11',4,17),
  (15,'magna nec','dignissim. Maecenas ornare egestas ligula. Nullam','https://bbc.co.uk/group/9?gi=100',1,30),
  (16,'mattis velit justo nec','Aenean egestas hendrerit neque. In ornare sagittis felis. Donec tempor, est ac mattis semper, dui lectus rutrum urna,','http://walmart.com/en-ca?q=4',8,19),
  (17,'non enim commodo','sed libero. Proin sed turpis nec mauris blandit','https://baidu.com/one?page=1&offset=1',8,8),
  (18,'libero. Proin','auctor, nunc nulla vulputate dui, nec tempus mauris erat eget ipsum. Suspendisse sagittis. Nullam','https://twitter.com/site?search=1',1,11),
  (19,'velit eu sem.','id ante dictum cursus.','http://yahoo.com/user/110?ad=115',10,44),
  (20,'lectus, a sollicitudin','elit pede, malesuada vel, venenatis vel, faucibus id, libero. Donec consectetuer mauris id sapien. Cras','https://facebook.com/user/110?q=4',8,37);
INSERT INTO Comunidade (IdComunidade,Titulo,Mensagem,NomeArquivo,Avaliacao,IdJogo)
VALUES
  (21,'ut, molestie in,','mus. Donec dignissim magna a tortor. Nunc','https://youtube.com/group/9?k=0',8,24),
  (22,'tortor at','nec luctus felis purus ac tellus. Suspendisse sed dolor. Fusce mi lorem, vehicula et,','http://nytimes.com/en-us?q=test',8,37),
  (23,'Fusce mollis. Duis sit amet','vel, venenatis vel, faucibus id, libero. Donec consectetuer mauris id sapien. Cras dolor dolor, tempus non,','https://netflix.com/one?q=0',3,40),
  (24,'dignissim','vehicula risus. Nulla eget metus eu erat semper rutrum. Fusce dolor quam, elementum at, egestas a, scelerisque sed, sapien.','https://netflix.com/en-us?page=1&offset=1',9,30),
  (25,'montes, nascetur.','pretium et, rutrum non, hendrerit id, ante. Nunc mauris sapien,','http://pinterest.com/en-ca?page=1&offset=1',5,24),
  (26,'ridiculus mus.','imperdiet ullamcorper. Duis at lacus. Quisque purus','https://pinterest.com/user/110?gi=100',5,10),
  (27,'tellus eu augue','sollicitudin a, malesuada','https://pinterest.com/fr?ad=115',1,28),
  (28,'amet, consectetuer','tempor, est ac mattis semper,','http://nytimes.com/site?q=0',3,36),
  (29,'ultrices, mauris','augue ac ipsum. Phasellus vitae mauris sit amet lorem semper auctor. Mauris vel turpis. Aliquam','http://walmart.com/site?k=0',2,46),
  (30,'elit, pellentesque','cursus luctus, ipsum leo','https://cnn.com/en-us?q=0',3,27);
INSERT INTO Comunidade (IdComunidade,Titulo,Mensagem,NomeArquivo,Avaliacao,IdJogo)
VALUES
  (31,'sit amet, consectetuer','vel, mauris. Integer sem elit, pharetra ut, pharetra sed, hendrerit a, arcu. Sed et libero. Proin','http://twitter.com/fr?str=se',4,27),
  (32,'at, iaculis','est. Nunc','https://ebay.com/one?search=1&q=de',3,47),
  (33,'lacus,','Nulla semper tellus id nunc interdum feugiat. Sed nec metus facilisis lorem','http://netflix.com/fr?search=1',0,13),
  (34,'Nulla eu neque','aliquam adipiscing lacus. Ut nec urna et arcu imperdiet ullamcorper. Duis at lacus.','http://google.com/settings?k=0',7,4),
  (35,'molestie pharetra','placerat, augue. Sed molestie. Sed id risus','https://guardian.co.uk/en-us?ad=115',1,7),
  (36,'nunc. In at pede.','fringilla mi','http://cnn.com/fr?ab=441&aad=2',6,21),
  (37,'nibh dolor,','nunc. In at pede. Cras vulputate velit eu sem. Pellentesque ut ipsum ac mi eleifend egestas. Sed pharetra, felis eget','http://ebay.com/sub/cars?client=g',2,15),
  (38,'lorem vitae odio','Mauris magna. Duis dignissim tempor','https://instagram.com/sub/cars?k=0',6,44),
  (39,'Integer urna.','Curabitur massa. Vestibulum accumsan neque et nunc. Quisque ornare tortor at risus. Nunc','https://facebook.com/user/110?search=1',7,43),
  (40,'sollicitudin a,','dolor. Fusce','https://walmart.com/sub?k=0',1,41);
INSERT INTO Comunidade (IdComunidade,Titulo,Mensagem,NomeArquivo,Avaliacao,IdJogo)
VALUES
  (41,'Etiam laoreet,','amet, consectetuer adipiscing elit. Curabitur sed tortor.','https://walmart.com/site?search=1&q=de',2,26),
  (42,'pede.','ante. Vivamus non lorem vitae odio sagittis semper. Nam tempor diam dictum','https://naver.com/sub?page=1&offset=1',7,43),
  (43,'purus, accumsan','dui, semper et, lacinia vitae,','http://wikipedia.org/group/9?q=4',7,1),
  (44,'Donec est.','feugiat nec, diam. Duis mi enim, condimentum eget, volutpat ornare, facilisis eget,','https://zoom.us/user/110?g=1',0,38),
  (45,'libero nec ligula','sagittis. Duis gravida. Praesent eu nulla at sem molestie sodales. Mauris blandit enim consequat purus. Maecenas libero','https://twitter.com/site?q=test',7,49),
  (46,'dignissim tempor arcu.','cursus. Integer mollis. Integer tincidunt aliquam arcu.','http://pinterest.com/en-us?str=se',6,4),
  (47,'Cras lorem','ullamcorper. Duis cursus, diam at pretium aliquet, metus urna convallis erat, eget tincidunt dui augue eu tellus. Phasellus elit','http://zoom.us/en-ca?ad=115',1,40),
  (48,'amet orci.','blandit mattis. Cras eget nisi dictum augue malesuada malesuada. Integer id magna et ipsum cursus','https://walmart.com/group/9?ab=441&aad=2',9,42),
  (49,'orci. Ut','ut ipsum ac mi eleifend egestas. Sed pharetra, felis','https://nytimes.com/site?q=11',4,36),
  (50,'neque vitae','lacus. Ut nec urna et arcu imperdiet ullamcorper. Duis at lacus. Quisque purus sapien, gravida non,','https://ebay.com/en-ca?k=0',2,43);
INSERT INTO Comunidade (IdComunidade,Titulo,Mensagem,NomeArquivo,Avaliacao,IdJogo)
VALUES
  (51,'Donec tempor,','nec urna suscipit nonummy. Fusce','https://twitter.com/one?client=g',9,11),
  (52,'pretium neque. Morbi quis','orci. Phasellus dapibus quam quis diam. Pellentesque habitant morbi tristique senectus et','https://reddit.com/fr?ad=115',6,41),
  (53,'ligula. Nullam','Sed id risus','https://twitter.com/sub/cars?client=g',2,19),
  (54,'porttitor interdum.','auctor quis, tristique ac, eleifend vitae, erat. Vivamus nisi. Mauris nulla. Integer urna. Vivamus molestie dapibus ligula. Aliquam','http://nytimes.com/sub/cars?ab=441&aad=2',1,6),
  (55,'tempor lorem, eget','fringilla cursus purus. Nullam scelerisque neque sed sem egestas blandit. Nam nulla magna, malesuada vel, convallis in, cursus et, eros.','http://nytimes.com/user/110?ad=115',4,12),
  (56,'nascetur ridiculus','libero et tristique pellentesque,','http://naver.com/en-us?p=8',1,1),
  (57,'accumsan interdum','nulla magna, malesuada vel, convallis in, cursus et, eros. Proin ultrices. Duis volutpat nunc sit amet','https://pinterest.com/one?search=1&q=de',3,6),
  (58,'in,','nunc est,','http://whatsapp.com/one?ad=115',7,50),
  (59,'dui. Fusce','auctor velit. Aliquam nisl. Nulla eu neque pellentesque massa lobortis ultrices.','https://ebay.com/group/9?q=0',4,32),
  (60,'venenatis vel,','lectus quis','http://guardian.co.uk/fr?ab=441&aad=2',7,46);
INSERT INTO Comunidade (IdComunidade,Titulo,Mensagem,NomeArquivo,Avaliacao,IdJogo)
VALUES
  (61,'Sed eu','et, euismod et, commodo at, libero.','http://wikipedia.org/one?q=11',5,25),
  (62,'enim mi tempor lorem,','lorem, eget mollis lectus pede','https://zoom.us/en-ca?k=0',3,45),
  (63,'eget metus. In nec orci.','id risus quis diam luctus lobortis. Class','https://cnn.com/sub?page=1&offset=1',0,27),
  (64,'nibh. Phasellus nulla','Maecenas malesuada fringilla est. Mauris eu turpis. Nulla','https://netflix.com/en-us?q=11',3,7),
  (65,'arcu. Aliquam','Cras lorem','https://nytimes.com/one?search=1',10,33),
  (66,'a mi fringilla','at, egestas a, scelerisque sed,','http://naver.com/user/110?q=0',4,28),
  (67,'neque pellentesque massa','nonummy ut, molestie in, tempus eu, ligula. Aenean euismod mauris eu elit. Nulla facilisi. Sed neque. Sed eget lacus. Mauris','https://cnn.com/en-us?str=se',3,19),
  (68,'magna.','malesuada fames ac turpis egestas. Fusce aliquet magna a','https://pinterest.com/en-us?q=4',6,24),
  (69,'vel nisl. Quisque','sollicitudin commodo ipsum. Suspendisse non leo. Vivamus nibh dolor, nonummy ac, feugiat non, lobortis quis, pede. Suspendisse','https://zoom.us/sub/cars?ad=115',2,48),
  (70,'taciti sociosqu','nec, diam. Duis mi enim, condimentum eget, volutpat ornare, facilisis eget, ipsum. Donec sollicitudin','https://netflix.com/fr?q=test',5,33);
INSERT INTO Comunidade (IdComunidade,Titulo,Mensagem,NomeArquivo,Avaliacao,IdJogo)
VALUES
  (71,'eu, ultrices sit','posuere cubilia Curae Donec tincidunt. Donec vitae erat vel pede blandit','http://instagram.com/site?p=8',9,22),
  (72,'purus mauris','risus. Nulla eget metus','http://youtube.com/user/110?q=11',10,6),
  (73,'mollis.','luctus. Curabitur egestas nunc sed libero. Proin sed turpis nec mauris blandit mattis. Cras eget nisi','https://nytimes.com/sub/cars?ad=115',2,47),
  (74,'consectetuer adipiscing.','nascetur ridiculus mus. Proin vel nisl. Quisque fringilla euismod enim. Etiam gravida molestie arcu.','https://zoom.us/fr?q=11',5,39),
  (75,'adipiscing elit.','eu nibh vulputate mauris sagittis placerat. Cras','http://google.com/user/110?client=g',10,34),
  (76,'semper. Nam tempor','sodales nisi magna sed dui. Fusce aliquam, enim nec tempus scelerisque, lorem ipsum sodales purus, in','http://yahoo.com/user/110?q=0',10,42),
  (77,'ultrices,','eu, euismod','https://zoom.us/user/110?q=test',2,11),
  (78,'interdum. Curabitur dictum.','ut eros non enim commodo hendrerit. Donec porttitor tellus non magna. Nam ligula elit, pretium et, rutrum non,','http://google.com/sub/cars?q=4',1,10),
  (79,'mauris id sapien.','libero. Morbi accumsan','https://ebay.com/settings?ad=115',7,1),
  (80,'risus. Donec','mi tempor lorem, eget mollis lectus pede et risus. Quisque','http://facebook.com/sub/cars?str=se',1,37);
INSERT INTO Comunidade (IdComunidade,Titulo,Mensagem,NomeArquivo,Avaliacao,IdJogo)
VALUES
  (81,'tortor nibh','Mauris blandit enim consequat purus. Maecenas libero est, congue a,','http://walmart.com/sub?ad=115',7,7),
  (82,'nec, eleifend non','Ut nec','https://youtube.com/one?ab=441&aad=2',9,35),
  (83,'Phasellus nulla','nibh enim,','http://whatsapp.com/fr?ad=115',5,36),
  (84,'ipsum ac','risus quis diam luctus lobortis. Class','https://instagram.com/en-ca?q=4',3,28),
  (85,'arcu. Curabitur ut odio','posuere vulputate, lacus. Cras interdum. Nunc sollicitudin commodo ipsum. Suspendisse non leo. Vivamus','http://bbc.co.uk/en-us?q=11',4,34),
  (86,'scelerisque,','orci luctus et','http://wikipedia.org/settings?q=11',6,10),
  (87,'mi felis, adipiscing','eu nibh vulputate mauris sagittis placerat. Cras dictum ultricies ligula. Nullam enim. Sed nulla ante, iaculis','http://youtube.com/site?q=0',9,13),
  (88,'Cras vulputate','id sapien. Cras dolor dolor, tempus non, lacinia at, iaculis quis, pede. Praesent eu dui. Cum sociis natoque penatibus','https://baidu.com/sub/cars?q=0',7,17),
  (89,'natoque','et, rutrum non, hendrerit id, ante. Nunc mauris sapien, cursus in, hendrerit consectetuer, cursus et, magna. Praesent','http://bbc.co.uk/user/110?page=1&offset=1',2,44),
  (90,'blandit congue.','mauris ut mi. Duis risus odio, auctor vitae, aliquet nec, imperdiet nec, leo.','http://instagram.com/user/110?gi=100',0,43);
INSERT INTO Comunidade (IdComunidade,Titulo,Mensagem,NomeArquivo,Avaliacao,IdJogo)
VALUES
  (91,'rhoncus. Nullam','fringilla purus mauris a nunc. In at pede. Cras','http://facebook.com/site?q=4',2,41),
  (92,'consec adipiscing.','elit, pharetra ut, pharetra sed, hendrerit a,','https://naver.com/sub/cars?str=se',8,27),
  (93,'aliquet. Phasellus ','leo, in lobortis tellus justo sit amet nulla. Donec non justo. Proin non massa','http://ebay.com/fr?search=1&q=de',3,37),
  (94,'diam. Duis mi','mauris. Integer sem elit, pharetra ut, pharetra sed, hendrerit a, arcu. Sed et libero. Proin mi. Aliquam gravida mauris','https://pinterest.com/en-us?search=1',1,33),
  (95,'adipiscing, enim mi','enim. Etiam gravida molestie arcu. Sed eu nibh vulputate mauris sagittis placerat. Cras dictum ultricies ligula. Nullam enim. Sed','https://whatsapp.com/en-ca?g=1',4,11),
  (96,'est arcu ac orci.','vestibulum. Mauris magna. Duis dignissim tempor arcu. Vestibulum ut eros non enim','http://baidu.com/en-ca?q=test',10,47),
  (97,'semper. Nam tempor diam dictum','semper. Nam tempor diam dictum sapien. Aenean massa. Integer vitae nibh. Donec est mauris, rhoncus','https://guardian.co.uk/sub?str=se',1,3),
  (98,'iaculis nec,','dolor elit, pellentesque a, facilisis non, bibendum sed, est. Nunc laoreet lectus quis massa. Mauris vestibulum, neque sed','https://facebook.com/en-ca?q=test',4,28),
  (99,'molestie','sed leo.','https://baidu.com/en-ca?g=1',6,37),
  (100,'sagittis felis. Donec','fermentum convallis ligula.','https://twitter.com/group/9?ad=115',2,25);
INSERT INTO Comunidade (IdComunidade,Titulo,Mensagem,NomeArquivo,Avaliacao,IdJogo)
VALUES
  (101,'bibendum','egestas ligula. Nullam feugiat placerat velit. Quisque varius. Nam porttitor scelerisque neque.','https://wikipedia.org/site?ad=115',3,12),
  (102,'Aenean gravida','ante ipsum primis in faucibus orci luctus et','http://instagram.com/fr?ad=115',1,1),
  (103,'bibendum fermentum metus.','egestas a, dui. Cras pellentesque. Sed dictum. Proin eget odio. Aliquam vulputate ullamcorper magna. Sed eu eros.','https://facebook.com/settings?p=8',8,29),
  (104,'amet, consectetuer.','Quisque tincidunt pede ac urna. Ut tincidunt vehicula risus. Nulla eget metus eu erat semper rutrum. Fusce dolor quam, elementum','http://nytimes.com/sub/cars?k=0',7,5),
  (105,'sem, vitae aliquam','ornare. Fusce mollis. Duis sit amet diam eu','https://zoom.us/sub/cars?k=0',8,23),
  (106,'metus. Vivamus','dolor vitae dolor. Donec fringilla. Donec feugiat','http://reddit.com/settings?k=0',7,49),
  (107,'morbi tristique','Sed dictum. Proin eget odio. Aliquam vulputate ullamcorper magna.','http://bbc.co.uk/user/110?search=1',4,15),
  (108,'nunc. Quisque','molestie sodales. Mauris blandit enim','http://zoom.us/fr?p=8',6,29),
  (109,'vitae. Proin','ut odio vel est tempor bibendum. Donec felis orci, adipiscing non, luctus sit amet, faucibus ut,','http://naver.com/sub?search=1',4,9),
  (110,'at arcu.','scelerisque mollis. Phasellus libero mauris, aliquam eu, accumsan sed, facilisis vitae,','https://ebay.com/one?ab=441&aad=2',0,31);
INSERT INTO Comunidade (IdComunidade,Titulo,Mensagem,NomeArquivo,Avaliacao,IdJogo)
VALUES
  (111,'Maecenas mi','malesuada ut, sem. Nulla interdum. Curabitur dictum. Phasellus in felis. Nulla tempor','http://yahoo.com/en-ca?q=11',4,22),
  (112,'et netus et','Cras dictum ultricies ligula. Nullam enim. Sed nulla ante, iaculis nec, eleifend non, dapibus rutrum, justo.','http://twitter.com/en-us?p=8',6,23),
  (113,'ultricies sem magna','id nunc interdum feugiat. Sed nec metus facilisis lorem tristique','https://bbc.co.uk/en-ca?q=4',3,40),
  (114,'lectus convallis','risus. Quisque libero','https://wikipedia.org/settings?ad=115',6,4),
  (115,'arcu. Vivamus','congue turpis. In condimentum. Donec at arcu. Vestibulum ante ipsum primis in faucibus orci luctus et ultrices posuere','http://twitter.com/sub?search=1&q=de',6,9),
  (116,'mattis ornare,','In nec orci.','https://facebook.com/sub?q=11',6,28),
  (117,'Morbi sit amet massa. Quisque','Nunc','http://whatsapp.com/sub/cars?search=1&q=de',5,29),
  (118,'accumsan neque','risus, at fringilla purus mauris a nunc. In at pede. Cras','http://ebay.com/settings?g=1',4,14),
  (119,'Nunc laoreet','malesuada vel,','http://youtube.com/sub?q=4',5,28),
  (120,'dolor dapibus','dictum sapien. Aenean massa. Integer vitae nibh. Donec est mauris,','http://google.com/en-ca?ad=115',6,11);
INSERT INTO Comunidade (IdComunidade,Titulo,Mensagem,NomeArquivo,Avaliacao,IdJogo)
VALUES
  (121,'facilisis nibh.','mollis. Integer tincidunt aliquam arcu. Aliquam ultrices iaculis','http://google.com/settings?g=1',7,43),
  (122,'vitae,','vestibulum lorem, sit amet ultricies sem magna nec','http://cnn.com/settings?q=test',6,6),
  (123,'Suspendisse eleifend.','nulla at sem molestie sodales. Mauris blandit enim consequat purus. Maecenas libero est, congue a, aliquet vel, vulputate eu,','http://reddit.com/group/9?search=1',6,4),
  (124,'torquent per conubia nostra, per','adipiscing lobortis risus. In','http://cnn.com/group/9?search=1&q=de',4,37),
  (125,'Nunc quis arcu vel','dui. Cum sociis natoque penatibus et magnis dis parturient montes, nascetur ridiculus mus.','https://twitter.com/sub?p=8',4,8),
  (126,'mi, ac mattis velit justo','Nunc sollicitudin commodo ipsum. Suspendisse non','https://www.youtube.com/watch?v=dQw4w9WgXcQ',7,24),
  (127,'eu tellus eu augue','massa lobortis ultrices. Vivamus rhoncus. Donec est. Nunc ullamcorper, velit in aliquet lobortis, nisi','http://netflix.com/en-us?g=1',10,15),
  (128,'Phasellus dapibus','rhoncus. Donec est.','https://wikipedia.org/settings?ad=115',2,37),
  (129,'Maecenas libero est,','fringilla est. Mauris eu turpis. Nulla aliquet. Proin velit. Sed malesuada','http://ebay.com/one?ad=115',7,34),
  (130,'dui quis','enim mi tempor lorem, eget','https://wikipedia.org/en-ca?q=0',0,24);
INSERT INTO Comunidade (IdComunidade,Titulo,Mensagem,NomeArquivo,Avaliacao,IdJogo)
VALUES
  (131,'nulla. In tincidunt','non, egestas a, dui. Cras pellentesque. Sed dictum. Proin eget odio. Aliquam vulputate ullamcorper magna. Sed eu','http://guardian.co.uk/user/110?q=0',1,23),
  (132,'aliquam, enim nec','sagittis. Nullam vitae diam. Proin dolor. Nulla semper tellus id nunc interdum feugiat. Sed nec metus','https://twitter.com/fr?gi=100',0,33),
  (133,'suscipit, est ac','nec urna et arcu imperdiet ullamcorper. Duis at lacus. Quisque purus sapien, gravida non, sollicitudin a, malesuada id,','https://yahoo.com/site?gi=100',7,6),
  (134,'sit amet luctus','sapien, cursus in, hendrerit consectetuer, cursus et, magna. Praesent interdum ligula eu enim.','http://google.com/fr?k=0',3,22),
  (135,'aptent','a, arcu. Sed et libero. Proin mi. Aliquam gravida mauris ut mi. Duis risus odio, auctor vitae, aliquet nec,','http://google.com/site?client=g',3,5),
  (136,'mi tempor lorem, eget','Integer id magna et ipsum cursus vestibulum. Mauris magna. Duis dignissim','https://google.com/settings?g=1',4,17),
  (137,'Curae Phasellus ornare.','dolor. Fusce feugiat. Lorem ipsum dolor sit amet, consectetuer adipiscing elit. Aliquam auctor, velit eget laoreet posuere, enim nisl elementum','http://cnn.com/site?search=1',7,41),
  (138,'augue ut lacus.','Aenean eget metus. In nec orci. Donec nibh. Quisque nonummy ipsum','https://cnn.com/en-us?page=1&offset=1',7,32),
  (139,'dolor vitae','Donec est. Nunc ullamcorper, velit in aliquet lobortis, nisi nibh lacinia','https://cnn.com/user/110?ad=115',9,24),
  (140,'nunc est, mollis non,','eleifend vitae, erat. Vivamus nisi. Mauris nulla. Integer urna. Vivamus molestie dapibus ligula.','https://pinterest.com/settings?q=0',2,46);
INSERT INTO Comunidade (IdComunidade,Titulo,Mensagem,NomeArquivo,Avaliacao,IdJogo)
VALUES
  (141,'Cum sociis natoque','gravida nunc sed pede. Cum sociis natoque penatibus et magnis dis parturient montes, nascetur ridiculus','https://nytimes.com/fr?ad=115',6,42),
  (142,'nascetur ridiculus','augue, eu tempor','http://zoom.us/fr?q=0',7,25),
  (143,'cursus et, eros. Proin','Maecenas iaculis aliquet diam. Sed diam lorem,','https://whatsapp.com/settings?str=se',9,25),
  (144,'sed, sapien. Nunc','Proin nisl sem,','http://facebook.com/fr?p=8',7,25),
  (145,'rutrum non,','id, ante. Nunc mauris sapien, cursus in, hendrerit consectetuer, cursus et,','http://google.com/group/9?p=8',2,42),
  (146,'non, lobortis quis,','lobortis risus. In mi pede, nonummy ut, molestie','https://pinterest.com/sub?search=1',4,39),
  (147,'lacus pede','euismod est arcu ac orci. Ut semper pretium neque. Morbi quis urna. Nunc quis arcu vel quam','http://cnn.com/fr?gi=100',0,25),
  (148,'Proin non massa non','odio. Etiam ligula tortor, dictum','https://google.com/sub?gi=100',5,37),
  (149,'tincidunt ','In scelerisque scelerisque dui. Suspendisse ac metus vitae velit egestas lacinia. Sed congue, elit sed consequat auctor, nunc','https://ebay.com/site?q=11',2,26),
  (150,'Aliquam erat','commodo hendrerit. Donec porttitor tellus non magna. Nam','http://whatsapp.com/group/9?page=1&offset=1',2,29);

INSERT INTO PlataformaJogo (IdPlataforma,IdJogo)
VALUES
  (3,18),
  (3,39),
  (3,17),
  (4,4),
  (4,28),
  (5,7),
  (2,39),
  (2,14),
  (2,48),
  (5,22);
INSERT INTO PlataformaJogo (IdPlataforma,IdJogo)
VALUES
  (3,36),
  (2,40),
  (3,27),
  (1,41),
  (4,7),
  (2,49),
  (3,10),
  (3,12),
  (4,34),
  (3,34);
INSERT INTO PlataformaJogo (IdPlataforma,IdJogo)
VALUES
  (1,50),
  (3,11),
  (3,44),
  (1,43),
  (3,14),
  (4,27),
  (4,4),
  (2,25),
  (4,36),
  (4,32);
INSERT INTO PlataformaJogo (IdPlataforma,IdJogo)
VALUES
  (5,33),
  (5,38),
  (3,10),
  (3,14),
  (3,40),
  (1,37),
  (4,15),
  (3,5),
  (2,18),
  (3,31);
INSERT INTO PlataformaJogo (IdPlataforma,IdJogo)
VALUES
  (2,46),
  (4,1),
  (2,29),
  (5,9),
  (4,5),
  (4,10),
  (2,27),
  (2,45),
  (2,11),
  (4,28);
INSERT INTO PlataformaJogo (IdPlataforma,IdJogo)
VALUES
  (4,23),
  (4,31),
  (1,8),
  (5,35),
  (2,19),
  (2,41),
  (2,13),
  (2,5),
  (2,34),
  (1,27);
INSERT INTO PlataformaJogo (IdPlataforma,IdJogo)
VALUES
  (3,12),
  (4,34),
  (3,8),
  (5,14),
  (3,46),
  (2,12),
  (2,35),
  (5,1),
  (2,23),
  (2,22);
INSERT INTO PlataformaJogo (IdPlataforma,IdJogo)
VALUES
  (2,2),
  (5,26),
  (2,4),
  (4,23),
  (5,21),
  (3,24),
  (2,5),
  (3,33),
  (3,20),
  (3,13);
INSERT INTO PlataformaJogo (IdPlataforma,IdJogo)
VALUES
  (4,22),
  (3,9),
  (4,18),
  (4,13),
  (1,9),
  (3,18),
  (2,19),
  (3,1),
  (5,15),
  (3,1);
INSERT INTO PlataformaJogo (IdPlataforma,IdJogo)
VALUES
  (5,9),
  (4,16),
  (5,21),
  (3,37),
  (5,41),
  (4,32),
  (4,22),
  (4,47),
  (3,1),
  (3,44);
INSERT INTO PlataformaJogo (IdPlataforma,IdJogo)
VALUES
  (5,30),
  (1,45),
  (3,4),
  (5,18),
  (3,6),
  (1,5),
  (2,9),
  (1,27),
  (4,48),
  (5,26);
INSERT INTO PlataformaJogo (IdPlataforma,IdJogo)
VALUES
  (3,31),
  (5,5),
  (3,11),
  (1,18),
  (4,31),
  (4,40),
  (2,40),
  (3,47),
  (2,18),
  (4,6);
INSERT INTO PlataformaJogo (IdPlataforma,IdJogo)
VALUES
  (3,25),
  (4,12),
  (4,25),
  (4,5),
  (1,50),
  (2,35),
  (2,17),
  (2,28),
  (2,42),
  (5,25);
INSERT INTO PlataformaJogo (IdPlataforma,IdJogo)
VALUES
  (2,6),
  (4,49),
  (2,14),
  (5,43),
  (4,43),
  (4,13),
  (4,18),
  (2,7),
  (2,5),
  (2,24);
INSERT INTO PlataformaJogo (IdPlataforma,IdJogo)
VALUES
  (5,22),
  (3,5),
  (2,4),
  (2,16),
  (2,13),
  (5,21),
  (3,49),
  (4,6),
  (2,48),
  (4,21);
INSERT INTO PlataformaJogo (IdPlataforma,IdJogo)
VALUES
  (3,18),
  (2,5),
  (4,39),
  (4,25),
  (4,14),
  (3,22),
  (2,38),
  (3,45),
  (4,39),
  (2,45);
INSERT INTO PlataformaJogo (IdPlataforma,IdJogo)
VALUES
  (3,38),
  (1,49),
  (2,15),
  (2,35),
  (2,20),
  (3,12),
  (3,8),
  (3,19),
  (2,34),
  (2,8);
INSERT INTO PlataformaJogo (IdPlataforma,IdJogo)
VALUES
  (2,19),
  (5,20),
  (1,38),
  (5,19),
  (4,40),
  (3,37),
  (2,32),
  (4,1),
  (2,1),
  (2,27);
INSERT INTO PlataformaJogo (IdPlataforma,IdJogo)
VALUES
  (3,19),
  (5,16),
  (2,23),
  (2,32),
  (1,27),
  (2,16),
  (3,23),
  (4,31),
  (3,49),
  (2,28);
INSERT INTO PlataformaJogo (IdPlataforma,IdJogo)
VALUES
  (4,39),
  (1,27),
  (2,49),
  (4,44),
  (2,18),
  (2,50),
  (3,34),
  (3,45),
  (3,8),
  (5,12);
